id,stamp,station,district,route_number,direction_travel,lane_type,station_length,samples,percent_observed,total_flow,delay_35,delay_40,delay_45,delay_50,delay_55,delay_60,period
627,"09/01/2007 00:00:00",716617,7,405,N,OR,NA,0,0,NA,NA,NA,NA,NA,NA,NA,2007
628,"09/01/2007 00:00:00",716619,7,405,S,OR,NA,2842,100,7151,NA,NA,NA,NA,NA,NA,2007
629,"09/01/2007 00:00:00",716620,7,405,N,OR,NA,2865,100,2404,NA,NA,NA,NA,NA,NA,2007
630,"09/01/2007 00:00:00",716621,7,405,S,OR,NA,2873,100,1955,NA,NA,NA,NA,NA,NA,2007
631,"09/01/2007 00:00:00",716622,7,405,N,OR,NA,2868,100,2153,NA,NA,NA,NA,NA,NA,2007
632,"09/01/2007 00:00:00",716623,7,405,S,OR,NA,2871,100,4590,NA,NA,NA,NA,NA,NA,2007
633,"09/01/2007 00:00:00",716624,7,405,N,OR,NA,2860,100,2940,NA,NA,NA,NA,NA,NA,2007
634,"09/01/2007 00:00:00",716625,7,405,S,OR,NA,2862,100,2347,NA,NA,NA,NA,NA,NA,2007
635,"09/01/2007 00:00:00",716626,7,405,S,ML,0.26,14392,80,114659,0,0,0,0,0,0.1,2007
636,"09/01/2007 00:00:00",716628,7,405,S,OR,NA,2856,100,5407,NA,NA,NA,NA,NA,NA,2007
637,"09/01/2007 00:00:00",716629,7,405,N,OR,NA,2190,84,5521,NA,NA,NA,NA,NA,NA,2007
638,"09/01/2007 00:00:00",716630,7,405,N,OR,NA,0,0,NA,NA,NA,NA,NA,NA,NA,2007
639,"09/01/2007 00:00:00",716631,7,405,S,OR,NA,0,0,NA,NA,NA,NA,NA,NA,NA,2007
640,"09/01/2007 00:00:00",716632,7,405,N,ML,0.565,0,0,99771,0,0,0,0,0.2,9,2007
641,"09/01/2007 00:00:00",716634,7,405,S,OR,NA,0,0,NA,NA,NA,NA,NA,NA,NA,2007
642,"09/01/2007 00:00:00",716635,7,405,N,OR,NA,0,0,NA,NA,NA,NA,NA,NA,NA,2007
643,"09/01/2007 00:00:00",716636,7,405,N,OR,NA,2772,100,6083,NA,NA,NA,NA,NA,NA,2007
644,"09/01/2007 00:00:00",716637,7,405,S,OR,NA,0,0,NA,NA,NA,NA,NA,NA,NA,2007
645,"09/01/2007 00:00:00",716638,7,405,N,OR,NA,2536,97,8114,NA,NA,NA,NA,NA,NA,2007
646,"09/01/2007 00:00:00",716639,7,405,S,OR,NA,1,0,NA,NA,NA,NA,NA,NA,NA,2007
647,"09/01/2007 00:00:00",716640,7,405,N,OR,NA,2092,100,2816,NA,NA,NA,NA,NA,NA,2007
648,"09/01/2007 00:00:00",716641,7,405,N,OR,NA,2177,100,2724,NA,NA,NA,NA,NA,NA,2007
649,"09/01/2007 00:00:00",716642,7,405,S,OR,NA,2009,0,NA,NA,NA,NA,NA,NA,NA,2007
650,"09/01/2007 00:00:00",716643,7,405,S,OR,NA,1889,0,NA,NA,NA,NA,NA,NA,NA,2007
651,"09/01/2007 00:00:00",716644,7,405,N,FR,NA,1894,0,NA,NA,NA,NA,NA,NA,NA,2007
652,"09/01/2007 00:00:00",716645,7,405,S,OR,NA,2206,100,5764,NA,NA,NA,NA,NA,NA,2007
653,"09/01/2007 00:00:00",716646,7,405,N,OR,NA,0,0,NA,NA,NA,NA,NA,NA,NA,2007
654,"09/01/2007 00:00:00",716647,7,405,N,OR,NA,2871,100,2358,NA,NA,NA,NA,NA,NA,2007
655,"09/01/2007 00:00:00",716649,7,405,N,OR,NA,2862,100,3018,NA,NA,NA,NA,NA,NA,2007
656,"09/01/2007 00:00:00",716650,7,405,S,OR,NA,2872,100,6140,NA,NA,NA,NA,NA,NA,2007
657,"09/01/2007 00:00:00",716651,7,405,S,OR,NA,2791,99,4097,NA,NA,NA,NA,NA,NA,2007
658,"09/01/2007 00:00:00",716652,7,405,N,OR,NA,2824,100,1544,NA,NA,NA,NA,NA,NA,2007
659,"09/01/2007 00:00:00",716653,7,405,N,OR,NA,2857,100,2123,NA,NA,NA,NA,NA,NA,2007
660,"09/01/2007 00:00:00",716654,7,405,S,OR,NA,2836,100,10358,NA,NA,NA,NA,NA,NA,2007
661,"09/01/2007 00:00:00",716655,7,405,S,OR,NA,2871,100,6403,NA,NA,NA,NA,NA,NA,2007
662,"09/01/2007 00:00:00",716656,7,405,N,OR,NA,0,0,NA,NA,NA,NA,NA,NA,NA,2007
663,"09/01/2007 00:00:00",716657,7,405,S,OR,NA,2868,100,4415,NA,NA,NA,NA,NA,NA,2007
664,"09/01/2007 00:00:00",716658,7,405,N,OR,NA,2875,100,12674,NA,NA,NA,NA,NA,NA,2007
665,"09/01/2007 00:00:00",716659,7,405,N,ML,0.365,0,0,121586,0,0,0,0,3.1,26.7,2007
666,"09/01/2007 00:00:00",716660,7,405,S,ML,0.375,0,0,91470,0,0,0,0,0,1.3,2007
667,"09/01/2007 00:00:00",716661,7,405,S,OR,NA,2819,100,2095,NA,NA,NA,NA,NA,NA,2007
668,"09/01/2007 00:00:00",716663,7,405,N,ML,0.37,8721,0,94198,4.5,7,9.9,13.3,17.3,27.3,2007
669,"09/01/2007 00:00:00",716664,7,405,N,OR,NA,0,0,NA,NA,NA,NA,NA,NA,NA,2007
670,"09/01/2007 00:00:00",716665,7,405,N,OR,NA,2826,100,2450,NA,NA,NA,NA,NA,NA,2007
671,"09/01/2007 00:00:00",716666,7,405,S,OR,NA,2854,0,NA,NA,NA,NA,NA,NA,NA,2007
672,"09/01/2007 00:00:00",716667,7,405,N,OR,NA,2831,100,4976,NA,NA,NA,NA,NA,NA,2007
673,"09/01/2007 00:00:00",716668,7,405,S,OR,NA,2835,100,8468,NA,NA,NA,NA,NA,NA,2007
674,"09/01/2007 00:00:00",716670,7,405,N,ML,0.545,0,0,99180,0,0,0,11.8,35.3,69.3,2007
675,"09/01/2007 00:00:00",716671,7,405,N,OR,NA,2824,100,7880,NA,NA,NA,NA,NA,NA,2007
676,"09/01/2007 00:00:00",716672,7,405,S,OR,NA,2862,100,10108,NA,NA,NA,NA,NA,NA,2007
677,"09/01/2007 00:00:00",716674,7,405,S,ML,0.48,11483,100,110578,0,0,0.2,0.3,0.4,2.1,2007
678,"09/01/2007 00:00:00",716675,7,405,S,OR,NA,2868,100,13647,NA,NA,NA,NA,NA,NA,2007
679,"09/01/2007 00:00:00",716676,7,405,N,OR,NA,2867,100,2981,NA,NA,NA,NA,NA,NA,2007
680,"09/01/2007 00:00:00",716678,7,405,N,OR,NA,0,0,NA,NA,NA,NA,NA,NA,NA,2007
681,"09/01/2007 00:00:00",716680,7,405,N,OR,NA,0,0,NA,NA,NA,NA,NA,NA,NA,2007
682,"09/01/2007 00:00:00",716681,7,405,S,OR,NA,0,0,NA,NA,NA,NA,NA,NA,NA,2007
683,"09/01/2007 00:00:00",716682,7,405,S,OR,NA,2870,100,4423,NA,NA,NA,NA,NA,NA,2007
684,"09/01/2007 00:00:00",716683,7,405,N,OR,NA,2872,100,12341,NA,NA,NA,NA,NA,NA,2007
685,"09/01/2007 00:00:00",716684,7,405,S,OR,NA,2870,100,4309,NA,NA,NA,NA,NA,NA,2007
686,"09/01/2007 00:00:00",716685,7,405,N,OR,NA,2869,100,3606,NA,NA,NA,NA,NA,NA,2007
687,"09/01/2007 00:00:00",716686,7,405,S,OR,NA,0,0,NA,NA,NA,NA,NA,NA,NA,2007
688,"09/01/2007 00:00:00",716687,7,405,N,OR,NA,0,0,NA,NA,NA,NA,NA,NA,NA,2007
689,"09/01/2007 00:00:00",716688,7,405,N,OR,NA,0,0,NA,NA,NA,NA,NA,NA,NA,2007
690,"09/01/2007 00:00:00",716689,7,405,N,ML,0.385,10439,75,120546,0,0.2,0.5,1.1,4.2,18.6,2007
691,"09/01/2007 00:00:00",716691,7,405,S,OR,NA,2868,100,2918,NA,NA,NA,NA,NA,NA,2007
692,"09/01/2007 00:00:00",716692,7,405,N,OR,NA,2869,100,4688,NA,NA,NA,NA,NA,NA,2007
693,"09/01/2007 00:00:00",716693,7,405,S,OR,NA,2872,100,2898,NA,NA,NA,NA,NA,NA,2007
694,"09/01/2007 00:00:00",716694,7,405,N,ML,0.488,11380,0,112672,0,0,0,0,0.4,21.2,2007
695,"09/01/2007 00:00:00",716695,7,405,N,OR,NA,2848,100,6778,NA,NA,NA,NA,NA,NA,2007
696,"09/01/2007 00:00:00",716696,7,405,N,OR,NA,2862,100,13106,NA,NA,NA,NA,NA,NA,2007
697,"09/01/2007 00:00:00",716697,7,405,N,OR,NA,5707,100,4680,NA,NA,NA,NA,NA,NA,2007
698,"09/01/2007 00:00:00",716698,7,405,N,OR,NA,0,0,NA,NA,NA,NA,NA,NA,NA,2007
699,"09/01/2007 00:00:00",716699,7,405,S,OR,NA,2873,100,20954,NA,NA,NA,NA,NA,NA,2007
700,"09/01/2007 00:00:00",716700,7,405,S,OR,NA,2876,100,5019,NA,NA,NA,NA,NA,NA,2007
701,"09/01/2007 00:00:00",716701,7,405,N,OR,NA,2875,100,7782,NA,NA,NA,NA,NA,NA,2007
702,"09/01/2007 00:00:00",716708,7,405,N,OR,NA,0,0,NA,NA,NA,NA,NA,NA,NA,2007
703,"09/01/2007 00:00:00",716709,7,405,S,OR,NA,0,0,NA,NA,NA,NA,NA,NA,NA,2007
704,"09/01/2007 00:00:00",716710,7,405,N,OR,NA,0,0,NA,NA,NA,NA,NA,NA,NA,2007
705,"09/01/2007 00:00:00",716712,7,405,S,OR,NA,0,0,NA,NA,NA,NA,NA,NA,NA,2007
706,"09/01/2007 00:00:00",716713,7,405,N,OR,NA,0,0,NA,NA,NA,NA,NA,NA,NA,2007
707,"09/01/2007 00:00:00",716714,7,405,N,ML,0.38,0,0,152696,0,0,0,0,1.1,10,2007
708,"09/01/2007 00:00:00",716715,7,405,S,OR,NA,0,0,NA,NA,NA,NA,NA,NA,NA,2007
709,"09/01/2007 00:00:00",716716,7,405,N,FR,NA,0,0,NA,NA,NA,NA,NA,NA,NA,2007
710,"09/01/2007 00:00:00",716717,7,405,N,OR,NA,2828,100,8100,NA,NA,NA,NA,NA,NA,2007
711,"09/01/2007 00:00:00",716718,7,405,S,FR,NA,2837,0,NA,NA,NA,NA,NA,NA,NA,2007
712,"09/01/2007 00:00:00",716719,7,405,S,ML,0.335,0,0,116673,0,0.1,2.4,9.2,19,31.9,2007
713,"09/01/2007 00:00:00",716720,7,405,N,ML,0.41,0,0,152683,0,0,0,0,1.2,14.3,2007
714,"09/01/2007 00:00:00",716721,7,405,S,OR,NA,0,0,NA,NA,NA,NA,NA,NA,NA,2007
715,"09/01/2007 00:00:00",716722,7,405,N,OR,NA,0,0,NA,NA,NA,NA,NA,NA,NA,2007
716,"09/01/2007 00:00:00",716723,7,405,S,OR,NA,0,0,NA,NA,NA,NA,NA,NA,NA,2007
717,"09/01/2007 00:00:00",716724,7,405,N,OR,NA,2795,100,8307,NA,NA,NA,NA,NA,NA,2007
718,"09/01/2007 00:00:00",716725,7,405,S,OR,NA,0,0,NA,NA,NA,NA,NA,NA,NA,2007
719,"09/01/2007 00:00:00",716726,7,405,N,FR,NA,0,0,NA,NA,NA,NA,NA,NA,NA,2007
720,"09/01/2007 00:00:00",716727,7,405,N,OR,NA,2839,100,9710,NA,NA,NA,NA,NA,NA,2007
721,"09/01/2007 00:00:00",716728,7,405,S,OR,NA,0,0,NA,NA,NA,NA,NA,NA,NA,2007
722,"09/01/2007 00:00:00",716729,7,405,N,OR,NA,2796,100,4965,NA,NA,NA,NA,NA,NA,2007
723,"09/01/2007 00:00:00",716731,7,405,N,OR,NA,2766,100,1511,NA,NA,NA,NA,NA,NA,2007
724,"09/01/2007 00:00:00",716732,7,405,S,OR,NA,2749,100,3033,NA,NA,NA,NA,NA,NA,2007
725,"09/01/2007 00:00:00",716733,7,405,N,ML,1.11,14036,100,145084,0,0.1,0.5,2.4,11.4,32.4,2007
726,"09/01/2007 00:00:00",716735,7,405,S,OR,NA,2781,100,4163,NA,NA,NA,NA,NA,NA,2007
727,"09/01/2007 00:00:00",716736,7,405,N,OR,NA,2754,100,3121,NA,NA,NA,NA,NA,NA,2007
728,"09/01/2007 00:00:00",716738,7,405,S,ML,0.795,13534,100,118869,52.2,68.4,82.3,95,109.3,127.8,2007
729,"09/01/2007 00:00:00",716739,7,405,N,ML,0.7,0,0,148886,0,0,0,0.1,3.4,33.5,2007
730,"09/01/2007 00:00:00",716740,7,405,S,FR,NA,0,0,NA,NA,NA,NA,NA,NA,NA,2007
731,"09/01/2007 00:00:00",716741,7,405,S,OR,NA,0,0,NA,NA,NA,NA,NA,NA,NA,2007
733,"09/01/2007 00:00:00",716743,7,405,N,OR,NA,0,0,NA,NA,NA,NA,NA,NA,NA,2007
734,"09/01/2007 00:00:00",716744,7,405,S,OR,NA,2861,100,3168,NA,NA,NA,NA,NA,NA,2007
735,"09/01/2007 00:00:00",716745,7,405,N,OR,NA,2847,100,8138,NA,NA,NA,NA,NA,NA,2007
736,"09/01/2007 00:00:00",716746,7,405,N,OR,NA,2866,100,9199,NA,NA,NA,NA,NA,NA,2007
737,"09/01/2007 00:00:00",716747,7,405,S,OR,NA,2841,100,4752,NA,NA,NA,NA,NA,NA,2007
738,"09/01/2007 00:00:00",716748,7,405,S,OR,NA,1085,0,NA,NA,NA,NA,NA,NA,NA,2007
739,"09/01/2007 00:00:00",716749,7,405,N,OR,NA,2829,100,14103,NA,NA,NA,NA,NA,NA,2007
740,"09/01/2007 00:00:00",716750,7,405,S,OR,NA,0,0,NA,NA,NA,NA,NA,NA,NA,2007
741,"09/01/2007 00:00:00",716751,7,405,N,OR,NA,0,0,NA,NA,NA,NA,NA,NA,NA,2007
742,"09/01/2007 00:00:00",716752,7,405,S,OR,NA,2876,100,14307,NA,NA,NA,NA,NA,NA,2007
743,"09/01/2007 00:00:00",716753,7,405,N,OR,NA,983,0,NA,NA,NA,NA,NA,NA,NA,2007
744,"09/01/2007 00:00:00",716754,7,405,S,OR,NA,0,0,NA,NA,NA,NA,NA,NA,NA,2007
745,"09/01/2007 00:00:00",716755,7,405,S,OR,NA,0,0,NA,NA,NA,NA,NA,NA,NA,2007
853,"09/01/2007 00:00:00",716884,7,405,S,OR,NA,2875,100,25784,NA,NA,NA,NA,NA,NA,2007
1524,"09/01/2007 00:00:00",717696,7,405,N,ML,0.85,11508,100,105836,0,0,0,0,0.7,6.8,2007
1525,"09/01/2007 00:00:00",717697,7,405,S,ML,0.75,11514,100,103660,0,0,0,0,0.3,5.7,2007
1526,"09/01/2007 00:00:00",717699,7,405,S,ML,0.45,11505,100,111072,0,0,0,0,0.2,4,2007
1527,"09/01/2007 00:00:00",717700,7,405,N,FR,NA,2873,100,1549,NA,NA,NA,NA,NA,NA,2007
1528,"09/01/2007 00:00:00",717701,7,405,N,ML,0.675,11495,100,102449,0,2.6,12.7,28.1,49.2,75.1,2007
1529,"09/01/2007 00:00:00",717702,7,405,N,FR,NA,5738,100,4951,NA,NA,NA,NA,NA,NA,2007
1530,"09/01/2007 00:00:00",717703,7,405,N,ML,0.505,11434,75,102048,0.7,1.6,3.5,7.9,14.9,28.9,2007
1531,"09/01/2007 00:00:00",717705,7,405,N,FR,NA,2869,100,4274,NA,NA,NA,NA,NA,NA,2007
1532,"09/01/2007 00:00:00",717706,7,405,N,ML,0.35,14386,100,107743,0,0,0,0,0,0,2007
1533,"09/01/2007 00:00:00",717707,7,405,N,HV,0.35,2877,100,18444,0,0,0,0,0,1.8,2007
1534,"09/01/2007 00:00:00",717708,7,405,N,FR,NA,2867,50,1148,NA,NA,NA,NA,NA,NA,2007
1535,"09/01/2007 00:00:00",717709,7,405,N,ML,0.27,14366,100,106716,0,0.6,2.1,4.5,7.9,12.6,2007
1536,"09/01/2007 00:00:00",717710,7,405,S,ML,0.55,0,0,86998,0,0,0,0,0,1.5,2007
1537,"09/01/2007 00:00:00",717711,7,405,N,ML,0.495,0,0,96009,0,0,0,3.2,24,62.7,2007
1538,"09/01/2007 00:00:00",717712,7,405,N,FR,NA,2790,100,4385,NA,NA,NA,NA,NA,NA,2007
1539,"09/01/2007 00:00:00",717713,7,405,N,ML,0.175,11198,100,107731,0,0,0,0,0.6,4.6,2007
1540,"09/01/2007 00:00:00",717715,7,405,N,ML,0.325,11208,100,100794,0,0,0,0,0,1.4,2007
1541,"09/01/2007 00:00:00",717716,7,405,N,FR,NA,2081,100,3088,NA,NA,NA,NA,NA,NA,2007
1542,"09/01/2007 00:00:00",717717,7,405,N,ML,0.447,10514,100,113742,0,0,0,0,0,0,2007
1543,"09/01/2007 00:00:00",717718,7,405,N,FR,NA,2187,100,1467,NA,NA,NA,NA,NA,NA,2007
1544,"09/01/2007 00:00:00",717719,7,405,N,ML,0.317,10962,100,112894,0,0,0,0.1,0.1,1.2,2007
1545,"09/01/2007 00:00:00",717720,7,405,N,ML,0.285,7590,0,90407,0,0,0,0.6,9.3,22.3,2007
1546,"09/01/2007 00:00:00",717721,7,405,N,ML,0.475,0,0,116643,0,0,0,0,0,0.4,2007
1547,"09/01/2007 00:00:00",717722,7,405,N,HV,0.475,0,0,29278,0.2,3.1,10.2,21.5,36.7,52,2007
1548,"09/01/2007 00:00:00",717723,7,405,N,ML,0.73,11503,100,100970,0,0,0,0.3,2.4,9.2,2007
1549,"09/01/2007 00:00:00",717724,7,405,S,ML,0.815,11507,100,91210,0,0,0,0,0.2,1.1,2007
1550,"09/01/2007 00:00:00",717725,7,405,N,HV,0.73,2879,100,17209,0,0,0,0,0,0.7,2007
1551,"09/01/2007 00:00:00",717726,7,405,N,FR,NA,2869,100,5396,NA,NA,NA,NA,NA,NA,2007
1552,"09/01/2007 00:00:00",717727,7,405,N,ML,0.735,11510,100,89445,0,0,0,0,0,0.6,2007
1553,"09/01/2007 00:00:00",717728,7,405,N,FR,NA,2821,100,2617,NA,NA,NA,NA,NA,NA,2007
1554,"09/01/2007 00:00:00",717729,7,405,N,ML,0.725,14208,100,112126,0,0.2,0.7,2.4,7.8,15.3,2007
1555,"09/01/2007 00:00:00",717730,7,405,S,FR,NA,2847,0,NA,NA,NA,NA,NA,NA,NA,2007
1556,"09/01/2007 00:00:00",717731,7,405,S,ML,0.93,11380,100,108424,0,0,0,0,0.7,8.3,2007
1557,"09/01/2007 00:00:00",717732,7,405,N,FR,NA,0,0,NA,NA,NA,NA,NA,NA,NA,2007
1558,"09/01/2007 00:00:00",717733,7,405,N,ML,0.925,0,0,97013,0,0,0,0,4.5,45.7,2007
1559,"09/01/2007 00:00:00",717734,7,405,N,FR,NA,2867,100,4909,NA,NA,NA,NA,NA,NA,2007
1560,"09/01/2007 00:00:00",717735,7,405,N,ML,0.58,11506,100,101517,0,0,0.1,0.4,4.7,20,2007
1561,"09/01/2007 00:00:00",717738,7,405,N,HV,0.565,2825,100,16113,0,0,0,0,0,1.2,2007
1562,"09/01/2007 00:00:00",717739,7,405,S,FF,NA,4362,0,NA,NA,NA,NA,NA,NA,NA,2007
1563,"09/01/2007 00:00:00",717740,7,405,N,ML,0.315,0,0,125449,0,0,0,0,0.1,12.3,2007
1564,"09/01/2007 00:00:00",717741,7,405,N,FR,NA,2846,100,4783,NA,NA,NA,NA,NA,NA,2007
1565,"09/01/2007 00:00:00",717742,7,405,N,ML,0.515,11415,100,130290,0,0,0,0,0.2,3.2,2007
1566,"09/01/2007 00:00:00",717743,7,405,N,FR,NA,2839,100,7963,NA,NA,NA,NA,NA,NA,2007
1567,"09/01/2007 00:00:00",717744,7,405,N,ML,0.575,11388,100,104402,0,0,0,0,0,3.3,2007
1568,"09/01/2007 00:00:00",717746,7,405,S,ML,0.495,0,0,96318,0,0,0,4,32.6,65.1,2007
1569,"09/01/2007 00:00:00",717747,7,405,N,FR,NA,2874,100,13188,NA,NA,NA,NA,NA,NA,2007
1570,"09/01/2007 00:00:00",717749,7,405,N,FR,NA,2689,100,11248,NA,NA,NA,NA,NA,NA,2007
1571,"09/01/2007 00:00:00",717750,7,405,N,ML,0.505,11498,100,94013,0,0,0,0,0.1,4.1,2007
1572,"09/01/2007 00:00:00",717751,7,405,S,ML,0.27,11498,100,95018,0,0,0,0,0,0.2,2007
1573,"09/01/2007 00:00:00",717752,7,405,N,ML,0.43,10925,100,96958,0.7,1.5,2.3,2.9,3.8,9,2007
1574,"09/01/2007 00:00:00",717753,7,405,S,ML,0.49,10920,100,92544,0,0,0,0,0,0.3,2007
1575,"09/01/2007 00:00:00",717754,7,405,N,FR,NA,0,0,NA,NA,NA,NA,NA,NA,NA,2007
1576,"09/01/2007 00:00:00",717755,7,405,N,ML,0.595,0,0,90316,0,0,0,0,0,16.6,2007
1577,"09/01/2007 00:00:00",717756,7,405,N,HV,0.595,0,0,18177,0,0,0,0,0,0,2007
1578,"09/01/2007 00:00:00",717757,7,405,N,FR,NA,2874,100,8907,NA,NA,NA,NA,NA,NA,2007
1579,"09/01/2007 00:00:00",717758,7,405,N,ML,0.415,11514,100,102259,0,0,0,0,0,0.5,2007
1580,"09/01/2007 00:00:00",717759,7,405,N,HV,0.415,2879,100,13937,0,0,0,0,0,0.5,2007
1581,"09/01/2007 00:00:00",717760,7,405,N,ML,0.48,11513,100,122248,0,0,0,0,0.1,1,2007
1582,"09/01/2007 00:00:00",717761,7,405,N,HV,0.48,2876,100,13966,0,0,0,0,0,0.8,2007
1583,"09/01/2007 00:00:00",717762,7,405,N,FR,NA,0,0,NA,NA,NA,NA,NA,NA,NA,2007
1584,"09/01/2007 00:00:00",717763,7,405,N,ML,0.505,0,0,114488,0,0,0,0,0.1,15.1,2007
1585,"09/01/2007 00:00:00",717764,7,405,S,FR,NA,0,0,NA,NA,NA,NA,NA,NA,NA,2007
1586,"09/01/2007 00:00:00",717765,7,405,N,ML,0.205,0,0,106057,0,0,0.1,0.2,0.7,8.9,2007
1587,"09/01/2007 00:00:00",717766,7,405,S,ML,0.57,0,0,109896,0,0,0,0,0.2,24.3,2007
1588,"09/01/2007 00:00:00",717767,7,405,N,OR,NA,0,0,NA,NA,NA,NA,NA,NA,NA,2007
1589,"09/01/2007 00:00:00",717768,7,405,N,FR,NA,2856,100,2098,NA,NA,NA,NA,NA,NA,2007
1590,"09/01/2007 00:00:00",717769,7,405,N,ML,0.41,11468,50,99608,0,0,0.4,1,1.9,15.7,2007
1592,"09/01/2007 00:00:00",717771,7,405,S,OR,NA,0,0,NA,NA,NA,NA,NA,NA,NA,2007
1593,"09/01/2007 00:00:00",717772,7,405,S,ML,0.535,0,0,120142,0,0,0,0.6,1.8,23.8,2007
1594,"09/01/2007 00:00:00",717775,7,405,N,FR,NA,5679,100,13487,NA,NA,NA,NA,NA,NA,2007
1595,"09/01/2007 00:00:00",717776,7,405,N,ML,0.385,11513,100,108989,50.2,55.5,60.2,64.1,68.2,74.4,2007
1596,"09/01/2007 00:00:00",717777,7,405,N,ML,0.125,0,0,99440,6.4,8,9.4,10.8,12.2,17.2,2007
1597,"09/01/2007 00:00:00",717778,7,405,N,FR,NA,4908,100,9404,NA,NA,NA,NA,NA,NA,2007
1598,"09/01/2007 00:00:00",717779,7,405,N,ML,0.9,11515,100,116636,22.1,37.8,57.6,82.7,106.8,135.9,2007
1599,"09/01/2007 00:00:00",717785,7,405,N,ML,0.255,0,0,106522,112.7,164.5,207.1,242.9,273.6,302.2,2007
1600,"09/01/2007 00:00:00",717787,7,405,N,ML,0.455,0,0,106522,201.2,293.3,369.5,433.1,487.9,539.2,2007
1601,"09/01/2007 00:00:00",717788,7,405,S,ML,0.48,0,0,109639,0,0,0,0,0,4.9,2007
1602,"09/01/2007 00:00:00",717789,7,405,N,FR,NA,0,0,NA,NA,NA,NA,NA,NA,NA,2007
1603,"09/01/2007 00:00:00",717790,7,405,N,ML,0.525,0,0,106522,232.1,338.5,426.6,499.6,563.2,622.2,2007
1604,"09/01/2007 00:00:00",717794,7,405,N,ML,0.655,0,0,160160,0,0,0.4,3.6,15.6,43.1,2007
1605,"09/01/2007 00:00:00",717795,7,405,S,ML,0.655,14185,0,116673,0,0.4,4.8,18.1,37.1,62.6,2007
1606,"09/01/2007 00:00:00",717797,7,405,N,ML,0.55,0,0,116042,0,0.3,3.5,28.3,65.6,104.9,2007
1607,"09/01/2007 00:00:00",717798,7,405,N,ML,0.725,14013,100,121796,0,0,0,0.3,1,2.5,2007
1608,"09/01/2007 00:00:00",717799,7,405,N,ML,0.695,0,0,115218,0,0,0,0,0.2,9.3,2007
1609,"09/01/2007 00:00:00",717800,7,405,N,ML,0.51,14251,100,129819,0,0,0,0,0,1.2,2007
1610,"09/01/2007 00:00:00",717801,7,405,N,ML,0.875,14045,100,137305,0.4,0.9,1.3,1.9,2.5,5,2007
1612,"09/01/2007 00:00:00",717804,7,405,N,ML,1.19,13861,100,139181,0,0,0,0,0.1,2,2007
1613,"09/01/2007 00:00:00",717806,7,405,N,ML,0.885,13830,100,138608,0,0,0,0,0,2.5,2007
1614,"09/01/2007 00:00:00",717807,7,405,N,ML,0.605,0,0,127944,0,0,0,0,0.1,8.7,2007
1615,"09/01/2007 00:00:00",717809,7,405,S,ML,0.475,14382,100,112566,2.6,4.7,7.1,9.7,12.7,16.8,2007
1617,"09/01/2007 00:00:00",717814,7,405,N,ML,0.93,0,0,145695,88.5,257,441.5,620.9,785.5,931,2007
1618,"09/01/2007 00:00:00",717816,7,405,S,ML,0.79,14388,100,116254,0,0,0,0,0.2,3.4,2007
1619,"09/01/2007 00:00:00",717818,7,405,N,ML,0.45,11411,100,92163,0,0,0,0,0,1.9,2007
1620,"09/01/2007 00:00:00",717819,7,405,N,ML,0.78,11489,100,92111,0,0,0,0,0,2.7,2007
1621,"09/01/2007 00:00:00",717820,7,405,N,FR,NA,2874,0,NA,NA,NA,NA,NA,NA,NA,2007
1622,"09/01/2007 00:00:00",717821,7,405,S,ML,0.485,11396,100,90796,0,0,0,0,0.5,5.8,2007
1623,"09/01/2007 00:00:00",717822,7,405,S,HV,0.485,2847,100,10046,0,0,0,0,0,0,2007
1624,"09/01/2007 00:00:00",717823,7,405,N,ML,0.86,11327,100,84211,0,0,0,0,0,1.4,2007
1625,"09/01/2007 00:00:00",717824,7,405,S,ML,0.73,11315,100,85332,0,0,0,0,0.2,5.2,2007
1626,"09/01/2007 00:00:00",717825,7,405,N,ML,0.835,11281,100,86028,0,0,0,0,0,1.2,2007
1627,"09/01/2007 00:00:00",717826,7,405,S,ML,0.595,11508,100,82564,0,0,0,0,0,0.6,2007
1628,"09/01/2007 00:00:00",717827,7,405,N,ML,3,3930,0,76835,0,0,0,0,6.7,75.5,2007
1629,"09/01/2007 00:00:00",717828,7,405,S,ML,0.67,0,0,87000,0,0,0,0,0,1.8,2007
1630,"09/01/2007 00:00:00",717829,7,405,S,ML,2.488,0,0,87000,0,0,0,0,0,6.8,2007
1631,"09/01/2007 00:00:00",717830,7,405,S,FR,NA,0,0,NA,NA,NA,NA,NA,NA,NA,2007
1798,"09/01/2007 00:00:00",718055,7,405,S,OR,NA,0,0,NA,NA,NA,NA,NA,NA,NA,2007
1799,"09/01/2007 00:00:00",718057,7,405,N,OR,NA,2874,100,3308,NA,NA,NA,NA,NA,NA,2007
1800,"09/01/2007 00:00:00",718058,7,405,S,OR,NA,2868,100,2312,NA,NA,NA,NA,NA,NA,2007
1915,"09/01/2007 00:00:00",718218,7,405,N,FR,NA,2843,100,3067,NA,NA,NA,NA,NA,NA,2007
1916,"09/01/2007 00:00:00",718219,7,405,N,ML,0.565,11496,100,101207,0,0,0,0.1,0.7,4,2007
1917,"09/01/2007 00:00:00",718220,7,405,S,FR,NA,2871,100,3386,NA,NA,NA,NA,NA,NA,2007
1918,"09/01/2007 00:00:00",718221,7,405,S,ML,0.645,11514,100,108594,0,0,0,0,0.5,7,2007
1919,"09/01/2007 00:00:00",718222,7,405,S,FR,NA,2880,0,NA,NA,NA,NA,NA,NA,NA,2007
1920,"09/01/2007 00:00:00",718223,7,405,S,ML,0.475,11514,100,103922,0,0,0,0,0.2,3.7,2007
1921,"09/01/2007 00:00:00",718224,7,405,N,OR,NA,2866,100,5575,NA,NA,NA,NA,NA,NA,2007
1922,"09/01/2007 00:00:00",718225,7,405,S,FR,NA,2835,100,5554,NA,NA,NA,NA,NA,NA,2007
1923,"09/01/2007 00:00:00",718226,7,405,S,ML,0.275,11506,100,104023,0,0,0,0,0.2,1.6,2007
1924,"09/01/2007 00:00:00",718227,7,405,N,ML,0.415,14395,80,106664,0,0,0,0,0,0.1,2007
1925,"09/01/2007 00:00:00",718228,7,405,S,FR,NA,2853,100,4909,NA,NA,NA,NA,NA,NA,2007
1926,"09/01/2007 00:00:00",718229,7,405,S,ML,0.315,14394,80,130418,0,0,0,0,0,0.7,2007
1927,"09/01/2007 00:00:00",718230,7,405,S,HV,0.315,2879,100,18657,0,0,0,0,0,0.5,2007
1928,"09/01/2007 00:00:00",718231,7,405,S,FR,NA,0,0,NA,NA,NA,NA,NA,NA,NA,2007
1929,"09/01/2007 00:00:00",718232,7,405,S,ML,0.425,0,0,102234,0,0,0,0,0,1.1,2007
1930,"09/01/2007 00:00:00",718233,7,405,N,HV,0.27,2874,100,18264,0,0,0,0,0.1,1.4,2007
1931,"09/01/2007 00:00:00",718235,7,405,S,ML,0.495,0,0,119252,15.3,20.1,25,29.7,34.3,39,2007
1932,"09/01/2007 00:00:00",718236,7,405,S,HV,0.495,0,0,19410,11.9,13.7,15.1,16.5,17.6,21.5,2007
1933,"09/01/2007 00:00:00",718237,7,405,S,FR,NA,0,0,NA,NA,NA,NA,NA,NA,NA,2007
1934,"09/01/2007 00:00:00",718238,7,405,S,ML,0.455,0,0,118895,0,0,0,0,1,21.5,2007
1935,"09/01/2007 00:00:00",718239,7,405,S,FR,NA,2162,50,1960,NA,NA,NA,NA,NA,NA,2007
1936,"09/01/2007 00:00:00",718240,7,405,S,ML,0.507,8661,100,112193,0,0,0,0.1,1,6,2007
1937,"09/01/2007 00:00:00",718241,7,405,S,FR,NA,1900,0,NA,NA,NA,NA,NA,NA,NA,2007
1938,"09/01/2007 00:00:00",718242,7,405,S,ML,0.21,9479,0,97347,0,0,0,0,0.1,2.2,2007
1939,"09/01/2007 00:00:00",718243,7,405,S,ML,0.297,10068,0,148880,0,0,0,0,0,4.7,2007
1940,"09/01/2007 00:00:00",718244,7,405,S,FR,NA,2193,100,2483,NA,NA,NA,NA,NA,NA,2007
1941,"09/01/2007 00:00:00",718245,7,405,S,ML,0.535,11045,100,118031,0,0,0,0,0,1.4,2007
1942,"09/01/2007 00:00:00",718246,7,405,S,FR,NA,2870,100,2445,NA,NA,NA,NA,NA,NA,2007
1943,"09/01/2007 00:00:00",718247,7,405,S,ML,0.705,11514,100,103746,0,0,0,0.3,2.3,8.6,2007
1944,"09/01/2007 00:00:00",718248,7,405,S,FR,NA,2194,85,1493,NA,NA,NA,NA,NA,NA,2007
1945,"09/01/2007 00:00:00",718249,7,405,S,ML,0.71,14147,100,117511,0,0,0,0,0.5,3.9,2007
1946,"09/01/2007 00:00:00",718250,7,405,N,FR,NA,5738,50,6594,NA,NA,NA,NA,NA,NA,2007
1947,"09/01/2007 00:00:00",718251,7,405,N,ML,0.985,10210,74,96148,68.3,91.4,114.2,137.8,163.2,201.3,2007
1948,"09/01/2007 00:00:00",718252,7,405,S,FR,NA,2871,100,2916,NA,NA,NA,NA,NA,NA,2007
1949,"09/01/2007 00:00:00",718253,7,405,S,ML,0.925,11509,100,104415,0,1.1,4,7,12.7,25.6,2007
1950,"09/01/2007 00:00:00",718254,7,405,S,HV,0.925,2878,100,19180,0.3,1.5,3,5.4,8.2,17.7,2007
1951,"09/01/2007 00:00:00",718255,7,405,S,FR,NA,5733,100,13548,NA,NA,NA,NA,NA,NA,2007
1952,"09/01/2007 00:00:00",718256,7,405,S,ML,0.665,11510,100,103991,0.1,0.4,1,2.4,5.7,16.2,2007
1953,"09/01/2007 00:00:00",718257,7,405,S,HV,0.665,2879,100,20819,0.3,2.8,13.6,36.9,57.2,74.1,2007
1954,"09/01/2007 00:00:00",718258,7,405,S,ML,0.565,13298,80,106710,0,0,0,0,0,0.6,2007
1955,"09/01/2007 00:00:00",718259,7,405,N,ML,0.565,14130,100,111249,51.5,55.7,60.2,64.7,69.4,76.6,2007
1956,"09/01/2007 00:00:00",718260,7,405,S,HV,0.565,2827,100,14087,0,0,0,0.4,1.1,4.4,2007
1957,"09/01/2007 00:00:00",718261,7,405,S,FR,NA,2840,100,2552,NA,NA,NA,NA,NA,NA,2007
1958,"09/01/2007 00:00:00",718262,7,405,S,ML,0.575,11397,100,101416,0,0,0,0,0,2.1,2007
1959,"09/01/2007 00:00:00",718264,7,405,S,FR,NA,2860,100,7305,NA,NA,NA,NA,NA,NA,2007
1960,"09/01/2007 00:00:00",718265,7,405,S,ML,0.52,11463,100,96946,0,0,0,0,0,0.6,2007
1961,"09/01/2007 00:00:00",718266,7,405,N,ML,0.52,11501,100,96276,0,0,0,0,0.1,3.2,2007
1962,"09/01/2007 00:00:00",718267,7,405,N,ML,0.615,11509,100,110992,0,0,0.1,0.1,0.2,3.4,2007
1963,"09/01/2007 00:00:00",718268,7,405,S,FR,NA,2864,100,3952,NA,NA,NA,NA,NA,NA,2007
1964,"09/01/2007 00:00:00",718270,7,405,S,HV,0.33,2876,100,15860,0,0,0,0,0.2,5.1,2007
1965,"09/01/2007 00:00:00",718274,7,405,S,FR,NA,0,0,NA,NA,NA,NA,NA,NA,NA,2007
1966,"09/01/2007 00:00:00",718275,7,405,S,ML,0.595,0,0,90462,0,0,0,0,0.2,17,2007
1967,"09/01/2007 00:00:00",718276,7,405,S,HV,0.595,0,0,18177,0,0,0,0,0,0,2007
1968,"09/01/2007 00:00:00",718277,7,405,S,ML,0.48,11511,100,101746,0,0,0,0,0,1.2,2007
1969,"09/01/2007 00:00:00",718278,7,405,S,HV,0.48,2879,100,15579,0,0,0,0,0,0.6,2007
1970,"09/01/2007 00:00:00",718279,7,405,S,FR,NA,0,0,NA,NA,NA,NA,NA,NA,NA,2007
1971,"09/01/2007 00:00:00",718280,7,405,S,ML,0.635,0,0,92108,0,0,0,0,0.1,18.1,2007
1972,"09/01/2007 00:00:00",718282,7,405,S,OR,NA,2867,0,NA,NA,NA,NA,NA,NA,NA,2007
1973,"09/01/2007 00:00:00",718283,7,405,S,FR,NA,2866,100,162,NA,NA,NA,NA,NA,NA,2007
1974,"09/01/2007 00:00:00",718284,7,405,S,ML,0.517,11460,100,89002,0,0,0.4,1.1,1.9,3.3,2007
1976,"09/01/2007 00:00:00",718286,7,405,S,FR,NA,5536,100,8346,NA,NA,NA,NA,NA,NA,2007
1977,"09/01/2007 00:00:00",718287,7,405,S,ML,0.9,11516,100,110447,44.2,53.8,62.3,69.8,76.9,97.7,2007
1979,"09/01/2007 00:00:00",718290,7,405,S,ML,0.79,14398,100,133373,0,0,0,0,0.6,19.5,2007
1980,"09/01/2007 00:00:00",718291,7,405,N,ML,0.95,0,0,140226,3.2,14.7,35.6,64.1,98.2,174.7,2007
1981,"09/01/2007 00:00:00",718292,7,405,N,ML,0.715,11314,50,124266,74,136.8,194.9,249.7,310.6,383.1,2007
1982,"09/01/2007 00:00:00",718295,7,405,S,FR,NA,0,0,NA,NA,NA,NA,NA,NA,NA,2007
1983,"09/01/2007 00:00:00",718296,7,405,S,ML,0.23,0,0,109639,0,0,0,0,0,2.3,2007
1984,"09/01/2007 00:00:00",718297,7,405,S,ML,0.865,0,0,109672,0,0,0,0,0,12.8,2007
1985,"09/01/2007 00:00:00",718300,7,405,S,ML,0.41,0,0,116673,0,0.3,3.1,11.3,23.3,39,2007
1986,"09/01/2007 00:00:00",718301,7,405,S,FR,NA,0,0,NA,NA,NA,NA,NA,NA,NA,2007
1987,"09/01/2007 00:00:00",718302,7,405,S,ML,0.43,0,0,116673,0,0.3,3.2,11.9,24.5,40.8,2007
1988,"09/01/2007 00:00:00",718303,7,405,S,FR,NA,0,0,NA,NA,NA,NA,NA,NA,NA,2007
1989,"09/01/2007 00:00:00",718304,7,405,S,ML,0.41,0,0,116673,0,0.3,3.1,11.3,23.3,39,2007
1990,"09/01/2007 00:00:00",718306,7,405,S,OR,NA,0,0,NA,NA,NA,NA,NA,NA,NA,2007
1991,"09/01/2007 00:00:00",718308,7,405,S,ML,0.69,0,0,116692,0,0.5,6.5,21.5,42.7,71.3,2007
1992,"09/01/2007 00:00:00",718309,7,405,S,FR,NA,0,0,NA,NA,NA,NA,NA,NA,NA,2007
1993,"09/01/2007 00:00:00",718310,7,405,S,ML,0.655,0,0,103577,7.5,25.7,49.8,73.6,96.4,130.9,2007
1994,"09/01/2007 00:00:00",718312,7,405,S,ML,1.19,11008,100,112039,89.8,118.7,144.7,168.1,190.3,222.4,2007
1995,"09/01/2007 00:00:00",718313,7,405,S,HV,1.19,2756,100,20817,43.5,52.3,59.7,67,73.4,84.2,2007
1996,"09/01/2007 00:00:00",718314,7,405,S,ML,0.91,10183,75,110784,9.5,18.1,26.6,35.8,47.2,65.5,2007
1997,"09/01/2007 00:00:00",718315,7,405,S,ML,0.885,11166,100,112646,0,0,0.6,4.8,19.7,50.7,2007
2055,"09/01/2007 00:00:00",718441,7,405,S,HV,0.425,0,0,19212,0,0.8,2.4,3.8,5.1,8,2007
2056,"09/01/2007 00:00:00",718442,7,405,N,HV,0.495,0,0,19185,0,0,0,0,0,2.2,2007
2071,"09/01/2007 00:00:00",718470,7,405,N,OR,NA,1996,0,NA,NA,NA,NA,NA,NA,NA,2007
2073,"09/01/2007 00:00:00",718478,7,405,S,FR,NA,0,0,NA,NA,NA,NA,NA,NA,NA,2007
2074,"09/01/2007 00:00:00",718479,7,405,S,ML,0.33,11504,100,105075,0,0,0,0,0,1.8,2007
2075,"09/01/2007 00:00:00",718480,7,405,S,HV,0.33,2877,100,15820,0,0,0,0,0,1.4,2007
2076,"09/01/2007 00:00:00",718487,7,405,S,OR,NA,2787,100,4526,NA,NA,NA,NA,NA,NA,2007
2086,"09/01/2007 00:00:00",718500,7,405,N,ML,0.805,0,0,152704,0,0,0,0,3,29.6,2007
2110,"09/01/2007 00:00:00",737529,7,405,S,ML,0.47,4356,0,81364,0,0,0.1,6.2,18.5,37.1,2007
2132,"09/01/2007 00:00:00",759422,7,405,S,ML,0.24,11485,100,106626,0.1,0.2,0.2,0.5,1,2.4,2007
2133,"09/01/2007 00:00:00",759427,7,405,N,ML,0.869,7969,0,90950,0,0,0,0.3,9.7,42.8,2007
2500,"09/01/2007 00:00:00",761435,7,405,N,HV,0.355,2846,100,14260,0,0,0,0,0,0.1,2007
2501,"09/01/2007 00:00:00",761439,7,405,N,HV,0.455,0,0,18177,0,0,0,0,0,0,2007
2502,"09/01/2007 00:00:00",761440,7,405,S,HV,0.495,0,0,18177,0,0,0,0,0,0,2007
2503,"09/01/2007 00:00:00",761441,7,405,N,HV,0.52,2867,100,14660,0,0,0,0,0,1.5,2007
2504,"09/01/2007 00:00:00",761444,7,405,N,HV,0.505,2872,100,14279,0,0,0,0,0,1.4,2007
2505,"09/01/2007 00:00:00",761445,7,405,S,HV,0.27,2876,100,15654,0,0,0,0,0,1.9,2007
2506,"09/01/2007 00:00:00",761448,7,405,N,HV,0.385,0,0,18177,0,0,0,0,0,0,2007
2507,"09/01/2007 00:00:00",761452,7,405,N,HV,0.235,2876,100,14434,0,0,0,0,0,0.1,2007
2508,"09/01/2007 00:00:00",761455,7,405,N,ML,0.235,11509,100,97853,0,0,0,0,0,0.9,2007
2509,"09/01/2007 00:00:00",761468,7,405,N,OR,NA,2860,100,811,NA,NA,NA,NA,NA,NA,2007
2510,"09/01/2007 00:00:00",761482,7,405,N,ML,0.18,17211,100,116064,1.9,2.3,2.6,2.9,3.2,3.8,2007
2511,"09/01/2007 00:00:00",761492,7,405,N,ML,0.34,17193,100,118080,0,0,0,0.1,0.2,1.1,2007
2512,"09/01/2007 00:00:00",761500,7,405,S,ML,0.6,0,0,142251,4.9,9.1,14,28.5,68.4,134.2,2007
2513,"09/01/2007 00:00:00",761511,7,405,N,FR,NA,2835,0,NA,NA,NA,NA,NA,NA,NA,2007
2514,"09/01/2007 00:00:00",761523,7,405,S,HV,0.605,2851,100,29314,0,0,0,0,0,1.1,2007
2515,"09/01/2007 00:00:00",761526,7,405,S,ML,0.605,11402,100,94100,0,0,0,0,0.4,8.8,2007
2516,"09/01/2007 00:00:00",761527,7,405,S,FR,NA,0,0,NA,NA,NA,NA,NA,NA,NA,2007
2517,"09/01/2007 00:00:00",761531,7,405,S,HV,0.48,2875,100,16254,0,0,0,0,0,2.7,2007
2518,"09/01/2007 00:00:00",761532,7,405,N,HV,0.615,2876,100,14852,0,0,0,0,0,0,2007
2519,"09/01/2007 00:00:00",761538,7,405,S,HV,0.41,2874,100,15853,0,0,0,0,1.2,7.5,2007
2520,"09/01/2007 00:00:00",761541,7,405,S,ML,0.515,11486,100,99262,0.2,0.3,0.5,0.8,1.1,2.6,2007
2521,"09/01/2007 00:00:00",761548,7,405,S,HV,0.255,2876,100,15803,0,0,0,0,0,1.8,2007
2522,"09/01/2007 00:00:00",761552,7,405,S,ML,0.325,11491,100,95865,0,0.1,0.1,0.2,0.3,1.1,2007
2603,"09/01/2007 00:00:00",762517,7,405,N,HV,0.85,2870,100,19134,0.2,0.3,0.5,0.8,1.3,10.5,2007
2604,"09/01/2007 00:00:00",762518,7,405,S,HV,0.75,2880,100,18606,0,0,0,0,0,5.2,2007
2605,"09/01/2007 00:00:00",762520,7,405,N,HV,0.565,2876,100,18769,0,0,0,0,0,2.5,2007
2606,"09/01/2007 00:00:00",762523,7,405,N,HV,0.675,2875,100,18870,0,0,0,0,0.2,7.9,2007
2607,"09/01/2007 00:00:00",762526,7,405,N,HV,0.505,2876,100,18358,0,0,0,0,0,4.1,2007
2608,"09/01/2007 00:00:00",762528,7,405,N,HV,0.175,2798,100,18076,0,0,0,0,0,0.8,2007
2609,"09/01/2007 00:00:00",762531,7,405,N,HV,0.325,2805,100,18208,0,0,0,0.1,0.3,3.6,2007
2610,"09/01/2007 00:00:00",762533,7,405,N,HV,0.447,2103,100,17454,0,0,0,0,0,0,2007
2611,"09/01/2007 00:00:00",762535,7,405,N,HV,0.317,2191,100,17550,0,0.1,0.1,0.1,0.2,2,2007
2612,"09/01/2007 00:00:00",762538,7,405,N,HV,0.735,2877,100,17164,0,0,0,0,0,4.4,2007
2613,"09/01/2007 00:00:00",762541,7,405,N,HV,0.725,2843,100,14373,0,0,0.2,0.3,0.6,0.8,2007
2614,"09/01/2007 00:00:00",762543,7,405,N,HV,0.985,2878,100,26304,1,1.8,2.6,3.2,3.8,4.5,2007
2615,"09/01/2007 00:00:00",762545,7,405,N,HV,0.925,0,0,18177,0,0,0,0,0,0,2007
2616,"09/01/2007 00:00:00",762547,7,405,N,HV,0.315,0,0,18177,0,0,0,0,0,0,2007
2617,"09/01/2007 00:00:00",762549,7,405,N,HV,0.515,2856,100,37678,0,0,0,0,0,0.6,2007
2618,"09/01/2007 00:00:00",762552,7,405,N,HV,0.43,2732,100,15089,0,0,0,0,0,1.4,2007
2619,"09/01/2007 00:00:00",762553,7,405,S,HV,0.49,2732,100,15506,0,0,0,0,0,4.1,2007
2620,"09/01/2007 00:00:00",762555,7,405,N,HV,0.505,0,0,18177,0,0,0,0,0,0,2007
2621,"09/01/2007 00:00:00",762557,7,405,N,HV,0.205,0,0,18177,0,0,0,0,0,0,2007
2622,"09/01/2007 00:00:00",762559,7,405,N,HV,0.41,2864,100,14399,0.2,0.4,0.6,0.8,1,1.3,2007
2623,"09/01/2007 00:00:00",762561,7,405,N,HV,0.975,2877,100,14495,0,0,0,0,0,3.9,2007
2624,"09/01/2007 00:00:00",762565,7,405,N,HV,0.45,2853,100,8972,0,0,0,0,0,0,2007
2625,"09/01/2007 00:00:00",762567,7,405,N,HV,0.78,2873,100,9398,0,0,0,0,0,0,2007
2626,"09/01/2007 00:00:00",762569,7,405,N,HV,0.86,2829,100,9261,0,0,0,0,0,0,2007
2627,"09/01/2007 00:00:00",762571,7,405,N,HV,0.835,2821,100,9487,0,0,0,0,0.1,0.1,2007
2628,"09/01/2007 00:00:00",762573,7,405,N,HV,3,982,0,9436,0,0,0,2.3,11.3,23.3,2007
2629,"09/01/2007 00:00:00",762576,7,405,S,HV,0.45,2856,100,18758,0,0,0,0.1,2.1,9.6,2007
2630,"09/01/2007 00:00:00",762578,7,405,S,HV,0.645,2873,100,19750,62.6,69,74.3,79.1,82.9,88,2007
2631,"09/01/2007 00:00:00",762580,7,405,S,HV,0.475,2880,100,18601,0,0,0,0,0,3,2007
2632,"09/01/2007 00:00:00",762582,7,405,S,HV,0.275,2876,100,18719,0,0,0,0,0,0.7,2007
2633,"09/01/2007 00:00:00",762584,7,405,S,HV,0.455,0,0,18177,0,0,0,0,0,0,2007
2634,"09/01/2007 00:00:00",762586,7,405,S,HV,0.507,2159,100,19159,0,0,0,0,0.2,2.9,2007
2635,"09/01/2007 00:00:00",762588,7,405,S,HV,0.297,2012,0,20038,0,0,0,0,0,3.3,2007
2636,"09/01/2007 00:00:00",762590,7,405,S,HV,0.21,1898,0,20164,0,0,0,0,0,0,2007
2637,"09/01/2007 00:00:00",762592,7,405,S,HV,0.535,2205,100,19301,0,0,0.1,0.3,0.9,5.8,2007
2638,"09/01/2007 00:00:00",762594,7,405,S,HV,0.705,2880,100,19559,0,0,0,0,0,1.7,2007
2639,"09/01/2007 00:00:00",762596,7,405,S,HV,0.71,2831,100,19584,0,0,0,0,0.2,3.8,2007
2640,"09/01/2007 00:00:00",762598,7,405,S,HV,0.93,2846,100,19126,0,0,0,0.4,1.3,8.3,2007
2641,"09/01/2007 00:00:00",762600,7,405,S,HV,0.53,0,0,18177,0,0,0,0,0,0,2007
2642,"09/01/2007 00:00:00",762602,7,405,S,HV,0.73,0,0,9529,0,0,0,0,0,0,2007
2643,"09/01/2007 00:00:00",762604,7,405,S,HV,0.595,2754,0,8742,0,0,0,0,0,0,2007
2644,"09/01/2007 00:00:00",762606,7,405,S,HV,0.67,0,0,18177,0,0,0,0,0,0,2007
2645,"09/01/2007 00:00:00",762608,7,405,S,HV,2.488,0,0,18177,0,0,0,0,0,0,2007
2982,"09/01/2007 00:00:00",764556,7,405,S,HV,0.815,2876,100,19495,0,0,0,0,0.2,4.4,2007
2983,"09/01/2007 00:00:00",764559,7,405,S,HV,0.315,0,0,18177,0,0,0,0,0,0,2007
2984,"09/01/2007 00:00:00",764561,7,405,S,HV,0.205,0,0,18177,0,0,0,0,0,0,2007
2985,"09/01/2007 00:00:00",764563,7,405,S,HV,0.15,0,0,18177,0,0,0,0,0,0,2007
2986,"09/01/2007 00:00:00",764565,7,405,N,HV,0.58,2878,100,21835,0,0,0.1,3.3,18.9,34.1,2007
2987,"09/01/2007 00:00:00",764567,7,405,S,ML,0.37,0,0,109332,0,0,0,0,6,23.2,2007
2988,"09/01/2007 00:00:00",764572,7,405,S,ML,0.16,0,0,121221,0,0,0,0,0.3,8,2007
2989,"09/01/2007 00:00:00",764578,7,405,S,ML,0.39,11513,100,109956,0,0,0,0,0,2.4,2007
2990,"09/01/2007 00:00:00",764583,7,405,N,ML,0.39,11518,100,107818,59.5,65.8,72,78.2,84.3,93.2,2007
2991,"09/01/2007 00:00:00",764588,7,405,S,HV,0.46,2875,100,16129,0,0,0,0,0.3,4.9,2007
2992,"09/01/2007 00:00:00",764590,7,405,S,ML,0.143,14367,100,97553,0,0,0,0,0,0,2007
2993,"09/01/2007 00:00:00",764596,7,405,S,HV,0.145,0,0,18177,0,0,0,0,0,0,2007
2994,"09/01/2007 00:00:00",764598,7,405,S,ML,0.12,0,0,106176,0,0,0,0,0,1.8,2007
2995,"09/01/2007 00:00:00",764604,7,405,S,ML,0.33,11508,100,91034,0,0,0,0,0,0.2,2007
2996,"09/01/2007 00:00:00",764609,7,405,S,HV,0.52,2867,100,15810,0,0,0,0,0,3.3,2007
2997,"09/01/2007 00:00:00",764611,7,405,S,HV,0.575,2850,100,16322,0,0,0,0,0,1.1,2007
2998,"09/01/2007 00:00:00",764613,7,405,N,HV,0.31,0,0,18177,0,0,0,0,0,0,2007
2999,"09/01/2007 00:00:00",764615,7,405,S,HV,0.47,1089,0,10999,0,0,0,0,0,0,2007
3007,"09/01/2007 00:00:00",764657,7,405,S,HV,0.375,0,0,18177,0,0,0,0,0,0,2007
3008,"09/01/2007 00:00:00",764659,7,405,N,HV,0.365,0,0,18177,0,0,0,0,0,0,2007
3009,"09/01/2007 00:00:00",764661,7,405,N,HV,0.565,0,0,18177,0,0,0,0,0,0,2007
3010,"09/01/2007 00:00:00",764663,7,405,S,HV,0.55,0,0,18177,0,0,0,0,0,0,2007
3011,"09/01/2007 00:00:00",764665,7,405,S,HV,0.26,2879,100,18656,0,0,0,0,0,0.5,2007
3012,"09/01/2007 00:00:00",764667,7,405,N,HV,0.415,2878,100,18428,0,0,0,0,0,4.1,2007
3013,"09/01/2007 00:00:00",764669,7,405,S,HV,0.47,0,0,18177,0,0,0,0,0,0,2007
3014,"09/01/2007 00:00:00",764671,7,405,S,ML,0.505,11315,100,123862,10.8,14.4,18.2,24.1,42.5,80.2,2007
3015,"09/01/2007 00:00:00",764676,7,405,N,HV,0.285,1898,0,18177,0,0,0,0,0,0,2007
3016,"09/01/2007 00:00:00",764680,7,405,S,FR,NA,0,0,NA,NA,NA,NA,NA,NA,NA,2007
3017,"09/01/2007 00:00:00",764682,7,405,N,FR,NA,0,0,NA,NA,NA,NA,NA,NA,NA,2007
3019,"09/01/2007 00:00:00",764686,7,405,S,FR,NA,0,0,NA,NA,NA,NA,NA,NA,NA,2007
3020,"09/01/2007 00:00:00",764690,7,405,N,FR,NA,2843,100,7967,NA,NA,NA,NA,NA,NA,2007
3021,"09/01/2007 00:00:00",764692,7,405,N,FR,NA,2792,100,1840,NA,NA,NA,NA,NA,NA,2007
3022,"09/01/2007 00:00:00",764694,7,405,N,FR,NA,2766,100,2255,NA,NA,NA,NA,NA,NA,2007
3023,"09/01/2007 00:00:00",764696,7,405,N,FR,NA,2761,100,4336,NA,NA,NA,NA,NA,NA,2007
3025,"09/01/2007 00:00:00",764700,7,405,N,FR,NA,8572,100,13579,NA,NA,NA,NA,NA,NA,2007
3026,"09/01/2007 00:00:00",764704,7,405,S,FR,NA,2874,100,10480,NA,NA,NA,NA,NA,NA,2007
3027,"09/01/2007 00:00:00",764706,7,405,S,FR,NA,5729,100,4450,NA,NA,NA,NA,NA,NA,2007
3032,"09/01/2007 00:00:00",764717,7,405,S,FR,NA,2835,0,NA,NA,NA,NA,NA,NA,NA,2007
3033,"09/01/2007 00:00:00",764719,7,405,N,FR,NA,2849,100,9500,NA,NA,NA,NA,NA,NA,2007
3039,"09/01/2007 00:00:00",764735,7,405,S,FR,NA,5719,100,6038,NA,NA,NA,NA,NA,NA,2007
3042,"09/01/2007 00:00:00",764748,7,405,S,OR,NA,0,0,NA,NA,NA,NA,NA,NA,NA,2007
3044,"09/01/2007 00:00:00",764754,7,405,S,ML,0.425,0,0,100447,0.9,2.5,4.3,6.4,9.3,23.2,2007
3123,"09/01/2007 00:00:00",765113,7,405,N,FR,NA,0,0,NA,NA,NA,NA,NA,NA,NA,2007
3124,"09/01/2007 00:00:00",765115,7,405,S,FR,NA,0,0,NA,NA,NA,NA,NA,NA,NA,2007
3125,"09/01/2007 00:00:00",765117,7,405,N,FR,NA,0,0,NA,NA,NA,NA,NA,NA,NA,2007
3126,"09/01/2007 00:00:00",765120,7,405,S,FR,NA,981,0,NA,NA,NA,NA,NA,NA,NA,2007
3127,"09/01/2007 00:00:00",765122,7,405,N,FR,NA,2880,0,NA,NA,NA,NA,NA,NA,NA,2007
3128,"09/01/2007 00:00:00",765124,7,405,S,FR,NA,2815,100,11919,NA,NA,NA,NA,NA,NA,2007
3129,"09/01/2007 00:00:00",765126,7,405,N,FR,NA,0,0,NA,NA,NA,NA,NA,NA,NA,2007
3132,"09/01/2007 00:00:00",765133,7,405,N,FR,NA,0,0,NA,NA,NA,NA,NA,NA,NA,2007
3142,"09/01/2007 00:00:00",765153,7,405,S,ML,0.645,11478,100,109352,0,0.2,0.6,1.7,3.2,6.4,2007
3143,"09/01/2007 00:00:00",765154,7,405,S,FR,NA,5723,100,16759,NA,NA,NA,NA,NA,NA,2007
3144,"09/01/2007 00:00:00",765155,7,405,S,OR,NA,2858,100,2957,NA,NA,NA,NA,NA,NA,2007
3145,"09/01/2007 00:00:00",765159,7,405,S,FR,NA,5752,0,NA,NA,NA,NA,NA,NA,NA,2007
3147,"09/01/2007 00:00:00",765169,7,405,S,HV,0.83,2871,100,10644,0,0,0,0,0,1.5,2007
3148,"09/01/2007 00:00:00",765171,7,405,S,ML,0.495,11450,100,88607,23.4,32.3,42,52.6,64.6,81.4,2007
3151,"09/01/2007 00:00:00",765187,7,405,N,FR,NA,0,0,NA,NA,NA,NA,NA,NA,NA,2007
3152,"09/01/2007 00:00:00",765191,7,405,N,FR,NA,2840,100,11805,NA,NA,NA,NA,NA,NA,2007
3153,"09/01/2007 00:00:00",765195,7,405,N,HV,2.665,0,0,18177,0,0,0,0,0,0,2007
3154,"09/01/2007 00:00:00",765197,7,405,S,FR,NA,2869,100,2427,NA,NA,NA,NA,NA,NA,2007
3158,"09/01/2007 00:00:00",765211,7,405,N,OR,NA,2826,100,6770,NA,NA,NA,NA,NA,NA,2007
3161,"09/01/2007 00:00:00",765263,7,405,S,HV,0.29,2854,100,9841,0,0,0,0,0.5,2.1,2007
3162,"09/01/2007 00:00:00",765265,7,405,S,ML,0.29,11476,75,87691,0,0,0,0,0.6,3.3,2007
3163,"09/01/2007 00:00:00",765271,7,405,S,HV,0.475,2876,100,10463,0,0,0,0,0,0.2,2007
3164,"09/01/2007 00:00:00",765273,7,405,S,ML,0.475,9791,75,93538,0,0,0,0.1,0.8,6.6,2007
3165,"09/01/2007 00:00:00",765295,7,405,S,FR,NA,0,0,NA,NA,NA,NA,NA,NA,NA,2007
3166,"09/01/2007 00:00:00",765297,7,405,S,OR,NA,2850,100,6921,NA,NA,NA,NA,NA,NA,2007
3167,"09/01/2007 00:00:00",765301,7,405,S,OR,NA,2855,100,4207,NA,NA,NA,NA,NA,NA,2007
3220,"09/01/2007 00:00:00",766268,7,405,N,FR,NA,0,0,NA,NA,NA,NA,NA,NA,NA,2007
3227,"09/01/2007 00:00:00",766291,7,405,S,FF,NA,5748,100,10662,NA,NA,NA,NA,NA,NA,2007
3228,"09/01/2007 00:00:00",766292,7,405,S,CD,NA,2874,100,8723,NA,NA,NA,NA,NA,NA,2007
3235,"09/01/2007 00:00:00",766493,7,405,S,ML,0.365,0,0,107342,0,0,0.3,0.9,3.8,24.3,2007
3236,"09/01/2007 00:00:00",766494,7,405,S,HV,0.365,0,0,18177,0,0,0,0,0,0,2007
3237,"09/01/2007 00:00:00",766495,7,405,N,CD,NA,0,0,NA,NA,NA,NA,NA,NA,NA,2007
3238,"09/01/2007 00:00:00",766504,7,405,S,CD,NA,0,0,NA,NA,NA,NA,NA,NA,NA,2007
3239,"09/01/2007 00:00:00",766505,7,405,N,ML,0.375,0,0,111369,0,0.5,2.3,4.6,7.3,13.6,2007
3240,"09/01/2007 00:00:00",766506,7,405,N,HV,0.375,0,0,18177,0,0,0,0,0,0,2007
3345,"09/01/2007 00:00:00",766952,7,405,S,HV,0.885,2793,100,18806,0,0,0.2,2.2,6.9,16.9,2007
3346,"09/01/2007 00:00:00",766954,7,405,S,HV,0.91,2808,100,21690,14.1,19.1,23.8,29.3,44.4,69.2,2007
3347,"09/01/2007 00:00:00",766956,7,405,S,HV,2.69,0,0,18177,0,0,0,0,0,0,2007
3367,"09/01/2007 00:00:00",767053,7,405,S,ML,0.45,11496,100,89165,61.1,67.1,73,79.6,88.9,104.3,2007
3368,"09/01/2007 00:00:00",767054,7,405,S,HV,0.45,2873,100,10468,0,0,0,0,0.6,2,2007
3369,"09/01/2007 00:00:00",767055,7,405,S,OR,NA,2856,100,7871,NA,NA,NA,NA,NA,NA,2007
3370,"09/01/2007 00:00:00",767056,7,405,S,FR,NA,2872,100,8411,NA,NA,NA,NA,NA,NA,2007
3385,"09/01/2007 00:00:00",767258,7,405,S,HV,0.285,2878,100,12161,0,0,0,0,0.1,0.6,2007
3386,"09/01/2007 00:00:00",767260,7,405,S,HV,0.93,2873,100,18345,7.6,10.4,13.2,16.1,19.5,30.2,2007
3387,"09/01/2007 00:00:00",767262,7,405,S,HV,0.165,0,0,18954,23.7,26.9,29.5,31.7,33.8,36,2007
3388,"09/01/2007 00:00:00",767264,7,405,S,HV,0.77,0,0,18177,0,0,0,0,0,0,2007
3394,"09/01/2007 00:00:00",767350,7,405,S,ML,0.615,11481,100,100202,0,0,0,0.2,1.3,7.5,2007
3395,"09/01/2007 00:00:00",767351,7,405,N,ML,0.575,11482,100,100801,0,0,0,0,0,3.1,2007
3396,"09/01/2007 00:00:00",767352,7,405,S,HV,0.615,2868,100,10672,0,0,0,0,0,0,2007
3397,"09/01/2007 00:00:00",767353,7,405,N,HV,0.575,2867,100,9694,0,0,0,0,0,0,2007
3398,"09/01/2007 00:00:00",767366,7,405,S,ML,0.615,11506,100,103387,1.8,2.5,3.4,4.4,6,16.1,2007
3399,"09/01/2007 00:00:00",767367,7,405,N,ML,0.705,11519,100,104801,0,0,0,0.4,2.3,14.9,2007
3400,"09/01/2007 00:00:00",767368,7,405,S,HV,0.615,2874,100,9938,0,0,0,0,0,0.9,2007
3401,"09/01/2007 00:00:00",767369,7,405,N,HV,0.705,2879,100,9964,0,0,0,0,0,0,2007
3504,"09/01/2007 00:00:00",767812,7,405,N,ML,0.68,11484,0,84689,0,0,0,0,0.2,16.2,2007
3505,"09/01/2007 00:00:00",767827,7,405,S,ML,0.404,7970,0,77815,0,0,0,0,0,3.2,2007
3509,"09/01/2007 00:00:00",767847,7,405,S,HV,0.24,2875,100,15942,0,0,0,0,0,2.4,2007
3684,"09/01/2007 00:00:00",768618,7,405,S,HV,0.845,2811,100,20369,94.9,108.2,119.2,128.3,136,146.2,2007
3685,"09/01/2007 00:00:00",768619,7,405,S,ML,0.845,11247,100,116862,88.5,134.5,177.4,214.4,247.3,279.7,2007
3686,"09/01/2007 00:00:00",768625,7,405,S,HV,0.72,921,0,18177,0,0,0,0,0,0,2007
3687,"09/01/2007 00:00:00",768626,7,405,S,ML,0.72,1964,0,88389,0,0,0,0,0,9.9,2007
3691,"09/01/2007 00:00:00",768643,7,405,N,ML,0.375,0,0,171239,2.4,15.7,38.9,67.6,105.5,157.5,2007
3752,"09/01/2007 00:00:00",768968,7,405,S,ML,0.675,0,0,109677,0,0,0,0,0,10.7,2007
3753,"09/01/2007 00:00:00",768969,7,405,N,ML,0.355,0,0,152692,0,0,0,0,1.1,12,2007
3754,"09/01/2007 00:00:00",768970,7,405,S,FF,NA,0,0,NA,NA,NA,NA,NA,NA,NA,2007
3755,"09/01/2007 00:00:00",768971,7,405,N,FF,NA,0,0,NA,NA,NA,NA,NA,NA,NA,2007
3771,"09/01/2007 00:00:00",769077,7,405,S,ML,0.3,0,0,109639,0,0,0,0,0,2.8,2007
3787,"09/01/2007 00:00:00",769195,7,405,S,ML,0.315,0,0,78634,0,0,0,0,0.8,11.7,2007
3788,"09/01/2007 00:00:00",769198,7,405,S,FR,NA,0,0,NA,NA,NA,NA,NA,NA,NA,2007
3789,"09/01/2007 00:00:00",769219,7,405,S,HV,0.575,2864,100,16348,0.2,0.6,1,1.4,1.9,5.9,2007
3790,"09/01/2007 00:00:00",769221,7,405,S,HV,0.635,2876,100,638,0,0,0,0,0,0,2007
3791,"09/01/2007 00:00:00",769228,7,405,N,ML,0.657,0,0,80683,1.9,2.9,3.9,5,6,7.8,2007
3792,"09/01/2007 00:00:00",769231,7,405,S,HV,0.2,0,0,18177,0,0,0,0,0,0,2007
3793,"09/01/2007 00:00:00",769232,7,405,N,HV,1.04,0,0,18177,0,0,0,0,0,0,2007
3794,"09/01/2007 00:00:00",769235,7,405,S,HV,0.925,2878,100,17968,0,0,0,0,0.4,10.2,2007
3795,"09/01/2007 00:00:00",769236,7,405,N,HV,0.39,2878,100,16455,15.3,17.3,19.3,20.8,22.7,24.8,2007
3796,"09/01/2007 00:00:00",769238,7,405,S,HV,0.9,2875,100,23323,6.9,9,11,12.7,14.3,16,2007
3797,"09/01/2007 00:00:00",769241,7,405,S,HV,3.08,0,0,18177,0,0,0,0,0,0,2007
3798,"09/01/2007 00:00:00",769242,7,405,N,HV,3.08,0,0,18177,0,0,0,0,0,0,2007
3799,"09/01/2007 00:00:00",769248,7,405,S,ML,0.37,0,0,61106,0,0,0,0,0,0,2007
3800,"09/01/2007 00:00:00",769249,7,405,N,HV,0.37,2184,0,15431,0,0,0,0,0,0,2007
3801,"09/01/2007 00:00:00",769250,7,405,S,HV,0.37,2182,0,17321,0,0.1,1.4,2.8,4.2,5.4,2007
3802,"09/01/2007 00:00:00",769251,7,405,S,FF,NA,4363,0,NA,NA,NA,NA,NA,NA,NA,2007
3803,"09/01/2007 00:00:00",769255,7,405,N,HV,0.18,2870,100,14275,0,0,0,0,0,0.8,2007
3804,"09/01/2007 00:00:00",769259,7,405,N,HV,0.34,2864,100,7536,0,0,0,0,0,0,2007
3805,"09/01/2007 00:00:00",769260,7,405,N,HV,0.385,2879,100,14786,13.6,14.9,16.1,17,17.9,19.1,2007
3806,"09/01/2007 00:00:00",769263,7,405,N,HV,0.125,0,0,18177,0,0,0,0,0,0,2007
3807,"09/01/2007 00:00:00",769265,7,405,N,HV,0.9,2880,100,16757,13.9,19.3,25.8,33.1,40.5,52.3,2007
4470,"09/02/2007 00:00:00",716617,7,405,N,OR,NA,0,0,NA,NA,NA,NA,NA,NA,NA,2007
4471,"09/02/2007 00:00:00",716619,7,405,S,OR,NA,2775,99,5942,NA,NA,NA,NA,NA,NA,2007
4472,"09/02/2007 00:00:00",716620,7,405,N,OR,NA,2775,98,2089,NA,NA,NA,NA,NA,NA,2007
4473,"09/02/2007 00:00:00",716621,7,405,S,OR,NA,2834,99,1753,NA,NA,NA,NA,NA,NA,2007
4474,"09/02/2007 00:00:00",716622,7,405,N,OR,NA,2836,99,1740,NA,NA,NA,NA,NA,NA,2007
4475,"09/02/2007 00:00:00",716623,7,405,S,OR,NA,2843,99,3853,NA,NA,NA,NA,NA,NA,2007
4476,"09/02/2007 00:00:00",716624,7,405,N,OR,NA,2824,99,2463,NA,NA,NA,NA,NA,NA,2007
4477,"09/02/2007 00:00:00",716625,7,405,S,OR,NA,2803,99,1947,NA,NA,NA,NA,NA,NA,2007
4478,"09/02/2007 00:00:00",716626,7,405,S,ML,0.26,14228,79,100366,0,0,0,0,0,0.1,2007
4479,"09/02/2007 00:00:00",716628,7,405,S,OR,NA,2820,99,4198,NA,NA,NA,NA,NA,NA,2007
4480,"09/02/2007 00:00:00",716629,7,405,N,OR,NA,2422,88,5194,NA,NA,NA,NA,NA,NA,2007
4481,"09/02/2007 00:00:00",716630,7,405,N,OR,NA,0,0,NA,NA,NA,NA,NA,NA,NA,2007
4482,"09/02/2007 00:00:00",716631,7,405,S,OR,NA,0,0,NA,NA,NA,NA,NA,NA,NA,2007
4483,"09/02/2007 00:00:00",716632,7,405,N,ML,0.565,0,0,93081,0,0,0,0,0.3,10.4,2007
4484,"09/02/2007 00:00:00",716634,7,405,S,OR,NA,0,0,NA,NA,NA,NA,NA,NA,NA,2007
4485,"09/02/2007 00:00:00",716635,7,405,N,OR,NA,0,0,NA,NA,NA,NA,NA,NA,NA,2007
4486,"09/02/2007 00:00:00",716636,7,405,N,OR,NA,2237,99,4772,NA,NA,NA,NA,NA,NA,2007
4487,"09/02/2007 00:00:00",716637,7,405,S,OR,NA,0,0,NA,NA,NA,NA,NA,NA,NA,2007
4488,"09/02/2007 00:00:00",716638,7,405,N,OR,NA,1960,97,4007,NA,NA,NA,NA,NA,NA,2007
4489,"09/02/2007 00:00:00",716639,7,405,S,OR,NA,1,0,NA,NA,NA,NA,NA,NA,NA,2007
4490,"09/02/2007 00:00:00",716640,7,405,N,OR,NA,1740,100,2309,NA,NA,NA,NA,NA,NA,2007
4491,"09/02/2007 00:00:00",716641,7,405,N,OR,NA,1848,100,2638,NA,NA,NA,NA,NA,NA,2007
4492,"09/02/2007 00:00:00",716642,7,405,S,OR,NA,1585,100,2427,NA,NA,NA,NA,NA,NA,2007
4493,"09/02/2007 00:00:00",716643,7,405,S,OR,NA,1295,99,2990,NA,NA,NA,NA,NA,NA,2007
4494,"09/02/2007 00:00:00",716644,7,405,N,FR,NA,1194,86,4195,NA,NA,NA,NA,NA,NA,2007
4495,"09/02/2007 00:00:00",716645,7,405,S,OR,NA,1792,100,4918,NA,NA,NA,NA,NA,NA,2007
4496,"09/02/2007 00:00:00",716646,7,405,N,OR,NA,0,0,NA,NA,NA,NA,NA,NA,NA,2007
4497,"09/02/2007 00:00:00",716647,7,405,N,OR,NA,2873,100,2066,NA,NA,NA,NA,NA,NA,2007
4498,"09/02/2007 00:00:00",716649,7,405,N,OR,NA,2864,100,2448,NA,NA,NA,NA,NA,NA,2007
4499,"09/02/2007 00:00:00",716650,7,405,S,OR,NA,2868,100,4976,NA,NA,NA,NA,NA,NA,2007
4500,"09/02/2007 00:00:00",716651,7,405,S,OR,NA,2801,100,2854,NA,NA,NA,NA,NA,NA,2007
4501,"09/02/2007 00:00:00",716652,7,405,N,OR,NA,2823,100,1147,NA,NA,NA,NA,NA,NA,2007
4502,"09/02/2007 00:00:00",716653,7,405,N,OR,NA,2870,100,1379,NA,NA,NA,NA,NA,NA,2007
4503,"09/02/2007 00:00:00",716654,7,405,S,OR,NA,2834,100,7788,NA,NA,NA,NA,NA,NA,2007
4504,"09/02/2007 00:00:00",716655,7,405,S,OR,NA,2874,100,5309,NA,NA,NA,NA,NA,NA,2007
4505,"09/02/2007 00:00:00",716656,7,405,N,OR,NA,0,0,NA,NA,NA,NA,NA,NA,NA,2007
4506,"09/02/2007 00:00:00",716657,7,405,S,OR,NA,2863,100,2996,NA,NA,NA,NA,NA,NA,2007
4507,"09/02/2007 00:00:00",716658,7,405,N,OR,NA,2869,100,10122,NA,NA,NA,NA,NA,NA,2007
4508,"09/02/2007 00:00:00",716659,7,405,N,ML,0.365,0,0,111386,0,0,0,0,3.5,25.9,2007
4509,"09/02/2007 00:00:00",716660,7,405,S,ML,0.375,0,0,80550,0,0,0,0,0,0,2007
4510,"09/02/2007 00:00:00",716661,7,405,S,OR,NA,2814,100,1395,NA,NA,NA,NA,NA,NA,2007
4511,"09/02/2007 00:00:00",716663,7,405,N,ML,0.37,1862,17,87863,0,0,0,0.1,0.5,5.4,2007
4512,"09/02/2007 00:00:00",716664,7,405,N,OR,NA,0,0,NA,NA,NA,NA,NA,NA,NA,2007
4513,"09/02/2007 00:00:00",716665,7,405,N,OR,NA,2827,100,1834,NA,NA,NA,NA,NA,NA,2007
4514,"09/02/2007 00:00:00",716666,7,405,S,OR,NA,2826,0,NA,NA,NA,NA,NA,NA,NA,2007
4515,"09/02/2007 00:00:00",716667,7,405,N,OR,NA,2822,100,4039,NA,NA,NA,NA,NA,NA,2007
4516,"09/02/2007 00:00:00",716668,7,405,S,OR,NA,2823,100,6747,NA,NA,NA,NA,NA,NA,2007
4517,"09/02/2007 00:00:00",716670,7,405,N,ML,0.545,0,0,91454,0,0,0,12.5,35.8,67.2,2007
4518,"09/02/2007 00:00:00",716671,7,405,N,OR,NA,2854,100,6300,NA,NA,NA,NA,NA,NA,2007
4519,"09/02/2007 00:00:00",716672,7,405,S,OR,NA,2838,100,8413,NA,NA,NA,NA,NA,NA,2007
4520,"09/02/2007 00:00:00",716674,7,405,S,ML,0.48,11518,100,97131,0,0,0,0,0.1,2.1,2007
4521,"09/02/2007 00:00:00",716675,7,405,S,OR,NA,2869,100,12055,NA,NA,NA,NA,NA,NA,2007
4522,"09/02/2007 00:00:00",716676,7,405,N,OR,NA,2867,100,2540,NA,NA,NA,NA,NA,NA,2007
4523,"09/02/2007 00:00:00",716678,7,405,N,OR,NA,0,0,NA,NA,NA,NA,NA,NA,NA,2007
4524,"09/02/2007 00:00:00",716680,7,405,N,OR,NA,0,0,NA,NA,NA,NA,NA,NA,NA,2007
4525,"09/02/2007 00:00:00",716681,7,405,S,OR,NA,0,0,NA,NA,NA,NA,NA,NA,NA,2007
4526,"09/02/2007 00:00:00",716682,7,405,S,OR,NA,2876,100,3914,NA,NA,NA,NA,NA,NA,2007
4527,"09/02/2007 00:00:00",716683,7,405,N,OR,NA,2871,100,10682,NA,NA,NA,NA,NA,NA,2007
4528,"09/02/2007 00:00:00",716684,7,405,S,OR,NA,2868,100,3620,NA,NA,NA,NA,NA,NA,2007
4529,"09/02/2007 00:00:00",716685,7,405,N,OR,NA,2870,100,2950,NA,NA,NA,NA,NA,NA,2007
4530,"09/02/2007 00:00:00",716686,7,405,S,OR,NA,0,0,NA,NA,NA,NA,NA,NA,NA,2007
4531,"09/02/2007 00:00:00",716687,7,405,N,OR,NA,0,0,NA,NA,NA,NA,NA,NA,NA,2007
4532,"09/02/2007 00:00:00",716688,7,405,N,OR,NA,0,0,NA,NA,NA,NA,NA,NA,NA,2007
4533,"09/02/2007 00:00:00",716689,7,405,N,ML,0.385,10774,75,111646,0,0,0,0.1,5,19.3,2007
4534,"09/02/2007 00:00:00",716691,7,405,S,OR,NA,2865,100,2371,NA,NA,NA,NA,NA,NA,2007
4535,"09/02/2007 00:00:00",716692,7,405,N,OR,NA,2869,100,3737,NA,NA,NA,NA,NA,NA,2007
4536,"09/02/2007 00:00:00",716693,7,405,S,OR,NA,2875,100,2439,NA,NA,NA,NA,NA,NA,2007
4537,"09/02/2007 00:00:00",716694,7,405,N,ML,0.488,10193,71,104157,1.3,1.6,2.1,2.7,3.2,9.2,2007
4538,"09/02/2007 00:00:00",716695,7,405,N,OR,NA,2858,100,5826,NA,NA,NA,NA,NA,NA,2007
4539,"09/02/2007 00:00:00",716696,7,405,N,OR,NA,2869,100,12405,NA,NA,NA,NA,NA,NA,2007
4540,"09/02/2007 00:00:00",716697,7,405,N,OR,NA,5733,100,3889,NA,NA,NA,NA,NA,NA,2007
4541,"09/02/2007 00:00:00",716698,7,405,N,OR,NA,0,0,NA,NA,NA,NA,NA,NA,NA,2007
4542,"09/02/2007 00:00:00",716699,7,405,S,OR,NA,2878,100,17787,NA,NA,NA,NA,NA,NA,2007
4543,"09/02/2007 00:00:00",716700,7,405,S,OR,NA,2876,100,4148,NA,NA,NA,NA,NA,NA,2007
4544,"09/02/2007 00:00:00",716701,7,405,N,OR,NA,2866,100,6762,NA,NA,NA,NA,NA,NA,2007
4545,"09/02/2007 00:00:00",716708,7,405,N,OR,NA,0,0,NA,NA,NA,NA,NA,NA,NA,2007
4546,"09/02/2007 00:00:00",716709,7,405,S,OR,NA,0,0,NA,NA,NA,NA,NA,NA,NA,2007
4547,"09/02/2007 00:00:00",716710,7,405,N,OR,NA,0,0,NA,NA,NA,NA,NA,NA,NA,2007
4548,"09/02/2007 00:00:00",716712,7,405,S,OR,NA,0,0,NA,NA,NA,NA,NA,NA,NA,2007
4549,"09/02/2007 00:00:00",716713,7,405,N,OR,NA,0,0,NA,NA,NA,NA,NA,NA,NA,2007
4550,"09/02/2007 00:00:00",716714,7,405,N,ML,0.38,0,0,138115,0,0,0,0,0,3.8,2007
4551,"09/02/2007 00:00:00",716715,7,405,S,OR,NA,0,0,NA,NA,NA,NA,NA,NA,NA,2007
4552,"09/02/2007 00:00:00",716716,7,405,N,FR,NA,0,0,NA,NA,NA,NA,NA,NA,NA,2007
4553,"09/02/2007 00:00:00",716717,7,405,N,OR,NA,2244,97,6685,NA,NA,NA,NA,NA,NA,2007
4554,"09/02/2007 00:00:00",716718,7,405,S,FR,NA,2247,0,NA,NA,NA,NA,NA,NA,NA,2007
4555,"09/02/2007 00:00:00",716719,7,405,S,ML,0.335,0,0,103635,0,0,0,0,0,2.5,2007
4556,"09/02/2007 00:00:00",716720,7,405,N,ML,0.41,0,0,138123,0,0,0,0,0,6.1,2007
4557,"09/02/2007 00:00:00",716721,7,405,S,OR,NA,0,0,NA,NA,NA,NA,NA,NA,NA,2007
4558,"09/02/2007 00:00:00",716722,7,405,N,OR,NA,0,0,NA,NA,NA,NA,NA,NA,NA,2007
4559,"09/02/2007 00:00:00",716723,7,405,S,OR,NA,0,0,NA,NA,NA,NA,NA,NA,NA,2007
4560,"09/02/2007 00:00:00",716724,7,405,N,OR,NA,2087,94,6915,NA,NA,NA,NA,NA,NA,2007
4561,"09/02/2007 00:00:00",716725,7,405,S,OR,NA,0,0,NA,NA,NA,NA,NA,NA,NA,2007
4562,"09/02/2007 00:00:00",716726,7,405,N,FR,NA,0,0,NA,NA,NA,NA,NA,NA,NA,2007
4563,"09/02/2007 00:00:00",716727,7,405,N,OR,NA,2366,99,8505,NA,NA,NA,NA,NA,NA,2007
4564,"09/02/2007 00:00:00",716728,7,405,S,OR,NA,0,0,NA,NA,NA,NA,NA,NA,NA,2007
4565,"09/02/2007 00:00:00",716729,7,405,N,OR,NA,2118,96,3885,NA,NA,NA,NA,NA,NA,2007
4566,"09/02/2007 00:00:00",716731,7,405,N,OR,NA,1942,92,1281,NA,NA,NA,NA,NA,NA,2007
4567,"09/02/2007 00:00:00",716732,7,405,S,OR,NA,1886,90,2458,NA,NA,NA,NA,NA,NA,2007
4568,"09/02/2007 00:00:00",716733,7,405,N,ML,1.11,10349,95,134359,0.1,1.4,3.4,10.2,34.1,74.3,2007
4569,"09/02/2007 00:00:00",716735,7,405,S,OR,NA,1944,90,3977,NA,NA,NA,NA,NA,NA,2007
4570,"09/02/2007 00:00:00",716736,7,405,N,OR,NA,1878,88,2830,NA,NA,NA,NA,NA,NA,2007
4571,"09/02/2007 00:00:00",716738,7,405,S,ML,0.795,13652,100,108698,39.8,50,58.7,66.5,73.8,83.6,2007
4572,"09/02/2007 00:00:00",716739,7,405,N,ML,0.7,0,0,136915,320.4,356.8,391.4,424.5,458.8,501.2,2007
4573,"09/02/2007 00:00:00",716740,7,405,S,FR,NA,0,0,NA,NA,NA,NA,NA,NA,NA,2007
4574,"09/02/2007 00:00:00",716741,7,405,S,OR,NA,0,0,NA,NA,NA,NA,NA,NA,NA,2007
4576,"09/02/2007 00:00:00",716743,7,405,N,OR,NA,0,0,NA,NA,NA,NA,NA,NA,NA,2007
4577,"09/02/2007 00:00:00",716744,7,405,S,OR,NA,2870,100,2900,NA,NA,NA,NA,NA,NA,2007
4578,"09/02/2007 00:00:00",716745,7,405,N,OR,NA,2856,100,6135,NA,NA,NA,NA,NA,NA,2007
4579,"09/02/2007 00:00:00",716746,7,405,N,OR,NA,2861,100,7307,NA,NA,NA,NA,NA,NA,2007
4580,"09/02/2007 00:00:00",716747,7,405,S,OR,NA,2856,100,3695,NA,NA,NA,NA,NA,NA,2007
4581,"09/02/2007 00:00:00",716748,7,405,S,OR,NA,1457,0,NA,NA,NA,NA,NA,NA,NA,2007
4582,"09/02/2007 00:00:00",716749,7,405,N,OR,NA,2832,100,12012,NA,NA,NA,NA,NA,NA,2007
4583,"09/02/2007 00:00:00",716750,7,405,S,OR,NA,0,0,NA,NA,NA,NA,NA,NA,NA,2007
4584,"09/02/2007 00:00:00",716751,7,405,N,OR,NA,0,0,NA,NA,NA,NA,NA,NA,NA,2007
4585,"09/02/2007 00:00:00",716752,7,405,S,OR,NA,2878,100,12604,NA,NA,NA,NA,NA,NA,2007
4586,"09/02/2007 00:00:00",716753,7,405,N,OR,NA,123,0,NA,NA,NA,NA,NA,NA,NA,2007
4587,"09/02/2007 00:00:00",716754,7,405,S,OR,NA,0,0,NA,NA,NA,NA,NA,NA,NA,2007
4588,"09/02/2007 00:00:00",716755,7,405,S,OR,NA,0,0,NA,NA,NA,NA,NA,NA,NA,2007
4696,"09/02/2007 00:00:00",716884,7,405,S,OR,NA,2874,100,23546,NA,NA,NA,NA,NA,NA,2007
5367,"09/02/2007 00:00:00",717696,7,405,N,ML,0.85,11474,100,94075,0,0,0,0,0,2.8,2007
5368,"09/02/2007 00:00:00",717697,7,405,S,ML,0.75,11503,100,89715,0,0,0,0,0,2.3,2007
5369,"09/02/2007 00:00:00",717699,7,405,S,ML,0.45,11223,99,96525,0,0,0,0,0.1,4.1,2007
5370,"09/02/2007 00:00:00",717700,7,405,N,FR,NA,2837,99,1374,NA,NA,NA,NA,NA,NA,2007
5371,"09/02/2007 00:00:00",717701,7,405,N,ML,0.675,11377,99,92194,20.1,35.6,55.7,79.7,107.3,134.1,2007
5372,"09/02/2007 00:00:00",717702,7,405,N,FR,NA,5673,99,4347,NA,NA,NA,NA,NA,NA,2007
5373,"09/02/2007 00:00:00",717703,7,405,N,ML,0.505,11232,74,93023,0.3,0.8,2.3,5.8,11.7,25.3,2007
5374,"09/02/2007 00:00:00",717705,7,405,N,FR,NA,2839,99,3551,NA,NA,NA,NA,NA,NA,2007
5375,"09/02/2007 00:00:00",717706,7,405,N,ML,0.35,14245,99,96932,0,0,0,0,0,0.1,2007
5376,"09/02/2007 00:00:00",717707,7,405,N,HV,0.35,2849,99,16523,0,0,0,0,0,1.4,2007
5377,"09/02/2007 00:00:00",717708,7,405,N,FR,NA,2837,50,927,NA,NA,NA,NA,NA,NA,2007
5378,"09/02/2007 00:00:00",717709,7,405,N,ML,0.27,14222,99,97373,0.1,0.5,2.1,4.4,7.4,10.9,2007
5379,"09/02/2007 00:00:00",717710,7,405,S,ML,0.55,0,0,76056,0,0,0,0,0,0.8,2007
5380,"09/02/2007 00:00:00",717711,7,405,N,ML,0.495,0,0,87926,0,0,0,3.2,21.4,56,2007
5381,"09/02/2007 00:00:00",717712,7,405,N,FR,NA,2239,99,3693,NA,NA,NA,NA,NA,NA,2007
5382,"09/02/2007 00:00:00",717713,7,405,N,ML,0.175,9011,99,97739,0,0,0,0,0,0.7,2007
5383,"09/02/2007 00:00:00",717715,7,405,N,ML,0.325,8446,99,92088,0,0,0,0,0,1.9,2007
5384,"09/02/2007 00:00:00",717716,7,405,N,FR,NA,1737,100,2751,NA,NA,NA,NA,NA,NA,2007
5385,"09/02/2007 00:00:00",717717,7,405,N,ML,0.447,8717,100,102263,0,0,0,0,0,0.2,2007
5386,"09/02/2007 00:00:00",717718,7,405,N,FR,NA,1851,100,1370,NA,NA,NA,NA,NA,NA,2007
5387,"09/02/2007 00:00:00",717719,7,405,N,ML,0.317,9273,100,100275,0,0,0,0.2,0.5,1.6,2007
5388,"09/02/2007 00:00:00",717720,7,405,N,ML,0.285,4784,86,92120,1.8,5.8,16.4,39.5,64.3,86.6,2007
5389,"09/02/2007 00:00:00",717721,7,405,N,ML,0.475,0,0,106502,0,0,0,0,0,1.3,2007
5390,"09/02/2007 00:00:00",717722,7,405,N,HV,0.475,0,0,27639,0.8,4.2,9,16.6,27.4,40.4,2007
5391,"09/02/2007 00:00:00",717723,7,405,N,ML,0.73,11513,100,89620,0,0,0,0,0,1.3,2007
5392,"09/02/2007 00:00:00",717724,7,405,S,ML,0.815,11506,100,79515,0,0,0,0,0,0.4,2007
5393,"09/02/2007 00:00:00",717725,7,405,N,HV,0.73,2878,100,15492,0,0,0,0,0,3,2007
5394,"09/02/2007 00:00:00",717726,7,405,N,FR,NA,2861,100,4415,NA,NA,NA,NA,NA,NA,2007
5395,"09/02/2007 00:00:00",717727,7,405,N,ML,0.735,11506,100,79246,0,0,0,0,0,0.4,2007
5396,"09/02/2007 00:00:00",717728,7,405,N,FR,NA,2812,100,2011,NA,NA,NA,NA,NA,NA,2007
5397,"09/02/2007 00:00:00",717729,7,405,N,ML,0.725,14178,100,100223,0.3,0.7,1.6,3.5,6.1,10.9,2007
5398,"09/02/2007 00:00:00",717730,7,405,S,FR,NA,2844,0,NA,NA,NA,NA,NA,NA,NA,2007
5399,"09/02/2007 00:00:00",717731,7,405,S,ML,0.93,11370,100,95787,0,0,0,0,0,1.7,2007
5400,"09/02/2007 00:00:00",717732,7,405,N,FR,NA,0,0,NA,NA,NA,NA,NA,NA,NA,2007
5401,"09/02/2007 00:00:00",717733,7,405,N,ML,0.925,0,0,80533,0,0,0,0,3,32,2007
5402,"09/02/2007 00:00:00",717734,7,405,N,FR,NA,2873,100,3242,NA,NA,NA,NA,NA,NA,2007
5403,"09/02/2007 00:00:00",717735,7,405,N,ML,0.58,11507,100,90754,0,0,0,0.2,3.5,18.4,2007
5404,"09/02/2007 00:00:00",717738,7,405,N,HV,0.565,2819,100,14264,0,0,0,0,0,4.9,2007
5405,"09/02/2007 00:00:00",717739,7,405,S,FF,NA,931,17,7881,NA,NA,NA,NA,NA,NA,2007
5406,"09/02/2007 00:00:00",717740,7,405,N,ML,0.315,0,0,116761,0,0,0,0,0.2,13.4,2007
5407,"09/02/2007 00:00:00",717741,7,405,N,FR,NA,2834,100,3987,NA,NA,NA,NA,NA,NA,2007
5408,"09/02/2007 00:00:00",717742,7,405,N,ML,0.515,11353,100,119724,0,0,0,0,0.1,6.8,2007
5409,"09/02/2007 00:00:00",717743,7,405,N,FR,NA,2818,100,6367,NA,NA,NA,NA,NA,NA,2007
5410,"09/02/2007 00:00:00",717744,7,405,N,ML,0.575,11322,100,95711,0,0,0.4,1.4,4.5,12.9,2007
5411,"09/02/2007 00:00:00",717746,7,405,S,ML,0.495,0,0,86468,0,0,0,2.4,26.6,55.7,2007
5412,"09/02/2007 00:00:00",717747,7,405,N,FR,NA,2876,100,11291,NA,NA,NA,NA,NA,NA,2007
5413,"09/02/2007 00:00:00",717749,7,405,N,FR,NA,2749,100,10500,NA,NA,NA,NA,NA,NA,2007
5414,"09/02/2007 00:00:00",717750,7,405,N,ML,0.505,11516,100,86713,0,0,0,0,0,1.4,2007
5415,"09/02/2007 00:00:00",717751,7,405,S,ML,0.27,11514,100,85524,0,0,0,0,0,0,2007
5416,"09/02/2007 00:00:00",717752,7,405,N,ML,0.43,11041,100,90831,1.5,2.2,2.9,3.7,4.6,6.9,2007
5417,"09/02/2007 00:00:00",717753,7,405,S,ML,0.49,11040,100,84229,0,0,0,0,0,0.2,2007
5418,"09/02/2007 00:00:00",717754,7,405,N,FR,NA,0,0,NA,NA,NA,NA,NA,NA,NA,2007
5419,"09/02/2007 00:00:00",717755,7,405,N,ML,0.595,0,0,84473,0,0,0,0,0.2,14.9,2007
5420,"09/02/2007 00:00:00",717756,7,405,N,HV,0.595,0,0,14597,0,0,0,0,0,0,2007
5421,"09/02/2007 00:00:00",717757,7,405,N,FR,NA,2873,100,7792,NA,NA,NA,NA,NA,NA,2007
5422,"09/02/2007 00:00:00",717758,7,405,N,ML,0.415,11504,100,92721,0,0,0,0,0,0.2,2007
5423,"09/02/2007 00:00:00",717759,7,405,N,HV,0.415,2874,100,13169,0,0,0,0,0.1,3.7,2007
5424,"09/02/2007 00:00:00",717760,7,405,N,ML,0.48,11481,100,110119,0,0,0,0.1,0.2,1.2,2007
5425,"09/02/2007 00:00:00",717761,7,405,N,HV,0.48,2877,100,13136,0,0,0,0,0,3.5,2007
5426,"09/02/2007 00:00:00",717762,7,405,N,FR,NA,0,0,NA,NA,NA,NA,NA,NA,NA,2007
5427,"09/02/2007 00:00:00",717763,7,405,N,ML,0.505,0,0,105167,0,0,0,0,0.2,13.8,2007
5428,"09/02/2007 00:00:00",717764,7,405,S,FR,NA,0,0,NA,NA,NA,NA,NA,NA,NA,2007
5429,"09/02/2007 00:00:00",717765,7,405,N,ML,0.205,0,0,98873,0,0,0,0,1.2,9.8,2007
5430,"09/02/2007 00:00:00",717766,7,405,S,ML,0.57,0,0,101808,0,0,0,0,0.7,25.1,2007
5431,"09/02/2007 00:00:00",717767,7,405,N,OR,NA,0,0,NA,NA,NA,NA,NA,NA,NA,2007
5432,"09/02/2007 00:00:00",717768,7,405,N,FR,NA,2781,98,1582,NA,NA,NA,NA,NA,NA,2007
5433,"09/02/2007 00:00:00",717769,7,405,N,ML,0.41,11147,49,93055,0,0,0,0,1.5,16.6,2007
5435,"09/02/2007 00:00:00",717771,7,405,S,OR,NA,0,0,NA,NA,NA,NA,NA,NA,NA,2007
5436,"09/02/2007 00:00:00",717772,7,405,S,ML,0.535,0,0,110285,0,0,0,0,1.6,31.6,2007
5437,"09/02/2007 00:00:00",717775,7,405,N,FR,NA,5714,100,10651,NA,NA,NA,NA,NA,NA,2007
5438,"09/02/2007 00:00:00",717776,7,405,N,ML,0.385,11514,100,102721,0,0,0,0,0.1,1.1,2007
5439,"09/02/2007 00:00:00",717777,7,405,N,ML,0.125,0,0,95155,0,0,0,0,0.1,3.1,2007
5440,"09/02/2007 00:00:00",717778,7,405,N,FR,NA,5036,100,8327,NA,NA,NA,NA,NA,NA,2007
5441,"09/02/2007 00:00:00",717779,7,405,N,ML,0.9,11505,100,108422,0,0,0,0,0.1,7.1,2007
5442,"09/02/2007 00:00:00",717785,7,405,N,ML,0.255,0,0,115745,30.4,47.7,67.4,87.1,105.3,124.9,2007
5443,"09/02/2007 00:00:00",717787,7,405,N,ML,0.455,0,0,115745,54.2,85.1,120.4,155.5,188,222.9,2007
5444,"09/02/2007 00:00:00",717788,7,405,S,ML,0.48,0,0,95509,0,0,0,0,0,1.3,2007
5445,"09/02/2007 00:00:00",717789,7,405,N,FR,NA,0,0,NA,NA,NA,NA,NA,NA,NA,2007
5446,"09/02/2007 00:00:00",717790,7,405,N,ML,0.525,0,0,115745,62.6,98.3,138.9,179.4,217.1,257.1,2007
5447,"09/02/2007 00:00:00",717794,7,405,N,ML,0.655,0,0,148306,0,0,0.1,2.4,13.4,40.8,2007
5448,"09/02/2007 00:00:00",717795,7,405,S,ML,0.655,11236,0,103635,0,0,0,0,0.1,5,2007
5449,"09/02/2007 00:00:00",717797,7,405,N,ML,0.55,0,0,110774,0,0.3,3.4,25.8,59.9,96,2007
5450,"09/02/2007 00:00:00",717798,7,405,N,ML,0.725,10459,94,112914,6.3,11.6,16.6,21.9,27.8,35,2007
5451,"09/02/2007 00:00:00",717799,7,405,N,ML,0.695,0,0,109943,0,0,0,0.3,2.9,15.5,2007
5452,"09/02/2007 00:00:00",717800,7,405,N,ML,0.51,11870,99,120846,0.1,1,3.2,7.3,13.7,21.2,2007
5453,"09/02/2007 00:00:00",717801,7,405,N,ML,0.875,10628,96,127358,0.8,2.8,6.1,12.7,25.1,44.3,2007
5455,"09/02/2007 00:00:00",717804,7,405,N,ML,1.19,9735,92,129495,1.2,3.5,6.3,11.2,22.4,42,2007
5456,"09/02/2007 00:00:00",717806,7,405,N,ML,0.885,9437,88,128146,0,0,0,0.2,6.5,29.1,2007
5457,"09/02/2007 00:00:00",717807,7,405,N,ML,0.605,0,0,119513,70.5,76.5,81.2,85.1,93.4,119,2007
5458,"09/02/2007 00:00:00",717809,7,405,S,ML,0.475,14376,100,104008,0.5,2,4.2,6.5,8.4,11,2007
5460,"09/02/2007 00:00:00",717814,7,405,N,ML,0.93,0,0,132249,2571.3,2823.4,3025.9,3193.5,3336.2,3465,2007
5461,"09/02/2007 00:00:00",717816,7,405,S,ML,0.79,14396,100,108439,0,0,0,0,0,1.4,2007
5462,"09/02/2007 00:00:00",717818,7,405,N,ML,0.45,11451,100,81069,0,0,0,0,0.1,1.2,2007
5463,"09/02/2007 00:00:00",717819,7,405,N,ML,0.78,11501,100,79910,0,0,0,0,0.1,2.2,2007
5464,"09/02/2007 00:00:00",717820,7,405,N,FR,NA,2877,0,NA,NA,NA,NA,NA,NA,NA,2007
5465,"09/02/2007 00:00:00",717821,7,405,S,ML,0.485,11413,100,79771,0,0,0.2,0.3,0.5,2.1,2007
5466,"09/02/2007 00:00:00",717822,7,405,S,HV,0.485,2857,100,9123,0,0,0,0,0,0,2007
5467,"09/02/2007 00:00:00",717823,7,405,N,ML,0.86,11359,100,73558,73.7,81,86.8,92.2,96.9,101.9,2007
5468,"09/02/2007 00:00:00",717824,7,405,S,ML,0.73,11305,100,74778,0,0,0,0,0,0.5,2007
5469,"09/02/2007 00:00:00",717825,7,405,N,ML,0.835,11265,100,73853,0,0,0,0,0,0.8,2007
5470,"09/02/2007 00:00:00",717826,7,405,S,ML,0.595,11509,100,73108,0,0,0,0,0.1,0.5,2007
5471,"09/02/2007 00:00:00",717827,7,405,N,ML,3,492,0,67413,0,0,0,0,5.2,55.3,2007
5472,"09/02/2007 00:00:00",717828,7,405,S,ML,0.67,0,0,76058,0,0,0,0,0,0.3,2007
5473,"09/02/2007 00:00:00",717829,7,405,S,ML,2.488,0,0,76058,0,0,0,0,0,1.2,2007
5474,"09/02/2007 00:00:00",717830,7,405,S,FR,NA,0,0,NA,NA,NA,NA,NA,NA,NA,2007
5641,"09/02/2007 00:00:00",718055,7,405,S,OR,NA,0,0,NA,NA,NA,NA,NA,NA,NA,2007
5642,"09/02/2007 00:00:00",718057,7,405,N,OR,NA,2875,100,2650,NA,NA,NA,NA,NA,NA,2007
5643,"09/02/2007 00:00:00",718058,7,405,S,OR,NA,2873,100,1978,NA,NA,NA,NA,NA,NA,2007
5758,"09/02/2007 00:00:00",718218,7,405,N,FR,NA,2756,98,2613,NA,NA,NA,NA,NA,NA,2007
5759,"09/02/2007 00:00:00",718219,7,405,N,ML,0.565,11145,98,91990,0,0,0,0,0,2.6,2007
5760,"09/02/2007 00:00:00",718220,7,405,S,FR,NA,2835,99,2833,NA,NA,NA,NA,NA,NA,2007
5761,"09/02/2007 00:00:00",718221,7,405,S,ML,0.645,11373,99,94547,0,0,0,0,0,0.9,2007
5762,"09/02/2007 00:00:00",718222,7,405,S,FR,NA,2850,0,NA,NA,NA,NA,NA,NA,NA,2007
5763,"09/02/2007 00:00:00",718223,7,405,S,ML,0.475,11395,99,91340,0,0,0,0,0,0.7,2007
5764,"09/02/2007 00:00:00",718224,7,405,N,OR,NA,2838,99,4907,NA,NA,NA,NA,NA,NA,2007
5765,"09/02/2007 00:00:00",718225,7,405,S,FR,NA,2799,99,4600,NA,NA,NA,NA,NA,NA,2007
5766,"09/02/2007 00:00:00",718226,7,405,S,ML,0.275,11275,99,90579,0,0,0,0,0,0.3,2007
5767,"09/02/2007 00:00:00",718227,7,405,N,ML,0.415,14231,79,95701,0,0,0,0,0,2.2,2007
5768,"09/02/2007 00:00:00",718228,7,405,S,FR,NA,2825,99,4196,NA,NA,NA,NA,NA,NA,2007
5769,"09/02/2007 00:00:00",718229,7,405,S,ML,0.315,14252,79,115751,0,0,0,0,0,0.2,2007
5770,"09/02/2007 00:00:00",718230,7,405,S,HV,0.315,2850,99,15239,0,0,0,0,0,0.4,2007
5771,"09/02/2007 00:00:00",718231,7,405,S,FR,NA,0,0,NA,NA,NA,NA,NA,NA,NA,2007
5772,"09/02/2007 00:00:00",718232,7,405,S,ML,0.425,0,0,91780,0,0,0,0,0,0.9,2007
5773,"09/02/2007 00:00:00",718233,7,405,N,HV,0.27,2845,99,16588,0,0,0,0,0.3,4.3,2007
5774,"09/02/2007 00:00:00",718235,7,405,S,ML,0.495,0,0,105491,0,0,0,0,0,0,2007
5775,"09/02/2007 00:00:00",718236,7,405,S,HV,0.495,0,0,16004,0,0,0,0,0.1,5.3,2007
5776,"09/02/2007 00:00:00",718237,7,405,S,FR,NA,0,0,NA,NA,NA,NA,NA,NA,NA,2007
5777,"09/02/2007 00:00:00",718238,7,405,S,ML,0.455,0,0,104083,0,0,0.1,0.2,0.7,16.9,2007
5778,"09/02/2007 00:00:00",718239,7,405,S,FR,NA,1724,50,1507,NA,NA,NA,NA,NA,NA,2007
5779,"09/02/2007 00:00:00",718240,7,405,S,ML,0.507,6905,100,96950,0,0,0.2,0.3,0.7,1.9,2007
5780,"09/02/2007 00:00:00",718241,7,405,S,FR,NA,1303,0,NA,NA,NA,NA,NA,NA,NA,2007
5781,"09/02/2007 00:00:00",718242,7,405,S,ML,0.21,6501,99,104208,0,0,0,0,0,0,2007
5782,"09/02/2007 00:00:00",718243,7,405,S,ML,0.297,7934,100,125429,0,0,0,0,0,0,2007
5783,"09/02/2007 00:00:00",718244,7,405,S,FR,NA,1791,100,2042,NA,NA,NA,NA,NA,NA,2007
5784,"09/02/2007 00:00:00",718245,7,405,S,ML,0.535,8987,100,102257,0,0,0,0,0,0,2007
5785,"09/02/2007 00:00:00",718246,7,405,S,FR,NA,2870,100,2004,NA,NA,NA,NA,NA,NA,2007
5786,"09/02/2007 00:00:00",718247,7,405,S,ML,0.705,11503,100,90907,0,0,0,0,0,3.1,2007
5787,"09/02/2007 00:00:00",718248,7,405,S,FR,NA,2247,85,1248,NA,NA,NA,NA,NA,NA,2007
5788,"09/02/2007 00:00:00",718249,7,405,S,ML,0.71,14091,100,103245,0,0,0,0.1,0.5,2.8,2007
5789,"09/02/2007 00:00:00",718250,7,405,N,FR,NA,5743,50,5184,NA,NA,NA,NA,NA,NA,2007
5790,"09/02/2007 00:00:00",718251,7,405,N,ML,0.985,10083,50,82466,0,0,0,0,0,8.9,2007
5791,"09/02/2007 00:00:00",718252,7,405,S,FR,NA,2867,100,2515,NA,NA,NA,NA,NA,NA,2007
5792,"09/02/2007 00:00:00",718253,7,405,S,ML,0.925,11505,100,92449,0,0,0,0,0.3,4.1,2007
5793,"09/02/2007 00:00:00",718254,7,405,S,HV,0.925,2877,100,16038,0,0,0,0,0.9,8.9,2007
5794,"09/02/2007 00:00:00",718255,7,405,S,FR,NA,5733,100,11157,NA,NA,NA,NA,NA,NA,2007
5795,"09/02/2007 00:00:00",718256,7,405,S,ML,0.665,11511,100,92355,0,0,0,0,0,1.2,2007
5796,"09/02/2007 00:00:00",718257,7,405,S,HV,0.665,2876,100,17792,5,14.6,36.1,53.8,68.3,80.9,2007
5797,"09/02/2007 00:00:00",718258,7,405,S,ML,0.565,13289,80,93099,0,0,0,0,0,0,2007
5798,"09/02/2007 00:00:00",718259,7,405,N,ML,0.565,14097,100,99485,0,0,0,0,0.2,1.4,2007
5799,"09/02/2007 00:00:00",718260,7,405,S,HV,0.565,2820,100,13686,0,0,0,0.1,0.4,4.9,2007
5800,"09/02/2007 00:00:00",718261,7,405,S,FR,NA,2823,100,2100,NA,NA,NA,NA,NA,NA,2007
5801,"09/02/2007 00:00:00",718262,7,405,S,ML,0.575,11323,100,90118,0,0,0,0,0,0.6,2007
5802,"09/02/2007 00:00:00",718264,7,405,S,FR,NA,2832,100,6131,NA,NA,NA,NA,NA,NA,2007
5803,"09/02/2007 00:00:00",718265,7,405,S,ML,0.52,11363,100,86175,0,0,0,0,0,0,2007
5804,"09/02/2007 00:00:00",718266,7,405,N,ML,0.52,11503,100,88140,0,0,0,0,0,1.9,2007
5805,"09/02/2007 00:00:00",718267,7,405,N,ML,0.615,11512,100,100661,0,0,0,0,0,4,2007
5806,"09/02/2007 00:00:00",718268,7,405,S,FR,NA,2869,100,3378,NA,NA,NA,NA,NA,NA,2007
5807,"09/02/2007 00:00:00",718270,7,405,S,HV,0.33,2877,100,14002,0,0,0,0,0,3.3,2007
5808,"09/02/2007 00:00:00",718274,7,405,S,FR,NA,0,0,NA,NA,NA,NA,NA,NA,NA,2007
5809,"09/02/2007 00:00:00",718275,7,405,S,ML,0.595,0,0,83684,0,0,0,0,0.6,17.4,2007
5810,"09/02/2007 00:00:00",718276,7,405,S,HV,0.595,0,0,14597,0,0,0,0,0,0,2007
5811,"09/02/2007 00:00:00",718277,7,405,S,ML,0.48,11510,100,91569,0,0,0,0,0,1.1,2007
5812,"09/02/2007 00:00:00",718278,7,405,S,HV,0.48,2877,100,13831,0,0,0,0,0.2,4.4,2007
5813,"09/02/2007 00:00:00",718279,7,405,S,FR,NA,0,0,NA,NA,NA,NA,NA,NA,NA,2007
5814,"09/02/2007 00:00:00",718280,7,405,S,ML,0.635,0,0,84937,0,0,0,0,0.7,19.4,2007
5815,"09/02/2007 00:00:00",718282,7,405,S,OR,NA,2872,0,NA,NA,NA,NA,NA,NA,NA,2007
5816,"09/02/2007 00:00:00",718283,7,405,S,FR,NA,2869,100,144,NA,NA,NA,NA,NA,NA,2007
5817,"09/02/2007 00:00:00",718284,7,405,S,ML,0.517,11481,100,81406,0,0,0,0,0,0.6,2007
5819,"09/02/2007 00:00:00",718286,7,405,S,FR,NA,5514,100,7572,NA,NA,NA,NA,NA,NA,2007
5820,"09/02/2007 00:00:00",718287,7,405,S,ML,0.9,11517,100,100552,0,0,0,0,1.2,20.2,2007
5822,"09/02/2007 00:00:00",718290,7,405,S,ML,0.79,14395,100,121564,0,0,0,0,0.2,12,2007
5823,"09/02/2007 00:00:00",718291,7,405,N,ML,0.95,0,0,127828,0,0,0,3.7,30.2,109.6,2007
5824,"09/02/2007 00:00:00",718292,7,405,N,ML,0.715,11144,99,107970,0.9,5.6,13.4,27.8,57.1,106.3,2007
5825,"09/02/2007 00:00:00",718295,7,405,S,FR,NA,0,0,NA,NA,NA,NA,NA,NA,NA,2007
5826,"09/02/2007 00:00:00",718296,7,405,S,ML,0.23,0,0,95509,0,0,0,0,0,0.6,2007
5827,"09/02/2007 00:00:00",718297,7,405,S,ML,0.865,0,0,95505,0,0,0,0,0,3,2007
5828,"09/02/2007 00:00:00",718300,7,405,S,ML,0.41,0,0,103635,0,0,0,0,0,3,2007
5829,"09/02/2007 00:00:00",718301,7,405,S,FR,NA,0,0,NA,NA,NA,NA,NA,NA,NA,2007
5830,"09/02/2007 00:00:00",718302,7,405,S,ML,0.43,0,0,103635,0,0,0,0,0,3.1,2007
5831,"09/02/2007 00:00:00",718303,7,405,S,FR,NA,0,0,NA,NA,NA,NA,NA,NA,NA,2007
5832,"09/02/2007 00:00:00",718304,7,405,S,ML,0.41,0,0,103635,0,0,0,0,0,3,2007
5833,"09/02/2007 00:00:00",718306,7,405,S,OR,NA,0,0,NA,NA,NA,NA,NA,NA,NA,2007
5834,"09/02/2007 00:00:00",718308,7,405,S,ML,0.69,0,0,103609,0,0,0,0,0,7.7,2007
5835,"09/02/2007 00:00:00",718309,7,405,S,FR,NA,0,0,NA,NA,NA,NA,NA,NA,NA,2007
5836,"09/02/2007 00:00:00",718310,7,405,S,ML,0.655,0,0,96557,0,0,0,0.1,10.7,42.9,2007
5837,"09/02/2007 00:00:00",718312,7,405,S,ML,1.19,7577,90,104173,0,0.2,0.5,1.8,6.7,40.7,2007
5838,"09/02/2007 00:00:00",718313,7,405,S,HV,1.19,1893,90,19588,0,0,0,0,0,8.3,2007
5839,"09/02/2007 00:00:00",718314,7,405,S,ML,0.91,8169,72,102379,0,0,0,0,0.7,9.7,2007
5840,"09/02/2007 00:00:00",718315,7,405,S,ML,0.885,7810,90,102142,0,0,1.3,3.4,10.5,38.2,2007
5898,"09/02/2007 00:00:00",718441,7,405,S,HV,0.425,0,0,15637,0,0,0,0.3,1,2.4,2007
5899,"09/02/2007 00:00:00",718442,7,405,N,HV,0.495,0,0,16985,0,0,0,0,0,2.9,2007
5914,"09/02/2007 00:00:00",718470,7,405,N,OR,NA,1738,0,NA,NA,NA,NA,NA,NA,NA,2007
5916,"09/02/2007 00:00:00",718478,7,405,S,FR,NA,0,0,NA,NA,NA,NA,NA,NA,NA,2007
5917,"09/02/2007 00:00:00",718479,7,405,S,ML,0.33,11512,100,94870,0,0,0,0,0,1.3,2007
5918,"09/02/2007 00:00:00",718480,7,405,S,HV,0.33,2877,100,14204,0,0,0,0,0.1,2.6,2007
5919,"09/02/2007 00:00:00",718487,7,405,S,OR,NA,2031,93,4373,NA,NA,NA,NA,NA,NA,2007
5929,"09/02/2007 00:00:00",718500,7,405,N,ML,0.805,0,0,138113,0,0,0,0,0,12.3,2007
5953,"09/02/2007 00:00:00",737529,7,405,S,ML,0.47,5845,0,71707,0,0,0,3.5,13.7,28.4,2007
5975,"09/02/2007 00:00:00",759422,7,405,S,ML,0.24,11490,100,96376,0,0.1,0.2,0.8,4.4,10.1,2007
5976,"09/02/2007 00:00:00",759427,7,405,N,ML,0.869,6944,0,83790,1,1.6,2.3,3.2,5.1,12.3,2007
6343,"09/02/2007 00:00:00",761435,7,405,N,HV,0.355,2829,100,13811,0,0,0,0,0,0.4,2007
6344,"09/02/2007 00:00:00",761439,7,405,N,HV,0.455,0,0,14597,0,0,0,0,0,0,2007
6345,"09/02/2007 00:00:00",761440,7,405,S,HV,0.495,0,0,14597,0,0,0,0,0,0,2007
6346,"09/02/2007 00:00:00",761441,7,405,N,HV,0.52,2867,100,13846,0,0,0,0.1,2.1,10,2007
6347,"09/02/2007 00:00:00",761444,7,405,N,HV,0.505,2878,100,13749,0,0,0,0,0,2.9,2007
6348,"09/02/2007 00:00:00",761445,7,405,S,HV,0.27,2879,100,14014,0,0,0,0,0,1.3,2007
6349,"09/02/2007 00:00:00",761448,7,405,N,HV,0.385,0,0,14597,0,0,0,0,0,0,2007
6350,"09/02/2007 00:00:00",761452,7,405,N,HV,0.235,2876,100,13674,0,0,0,0,0.1,1.1,2007
6351,"09/02/2007 00:00:00",761455,7,405,N,ML,0.235,11509,100,89977,0,0,0.1,0.3,0.8,1.7,2007
6352,"09/02/2007 00:00:00",761468,7,405,N,OR,NA,2865,100,685,NA,NA,NA,NA,NA,NA,2007
6353,"09/02/2007 00:00:00",761482,7,405,N,ML,0.18,17231,100,106374,0,0,0,0,0,0,2007
6354,"09/02/2007 00:00:00",761492,7,405,N,ML,0.34,17216,100,107496,0,0,0,0,0,0,2007
6355,"09/02/2007 00:00:00",761500,7,405,S,ML,0.6,0,0,134120,0,0,1,6.5,24.4,72.4,2007
6356,"09/02/2007 00:00:00",761511,7,405,N,FR,NA,2841,0,NA,NA,NA,NA,NA,NA,NA,2007
6357,"09/02/2007 00:00:00",761523,7,405,S,HV,0.605,2824,100,25869,0,0,0,0,0,1.9,2007
6358,"09/02/2007 00:00:00",761526,7,405,S,ML,0.605,11285,100,83359,0,0,0,0,1.5,9.9,2007
6359,"09/02/2007 00:00:00",761527,7,405,S,FR,NA,0,0,NA,NA,NA,NA,NA,NA,NA,2007
6360,"09/02/2007 00:00:00",761531,7,405,S,HV,0.48,1488,52,15159,0,0,0,0.1,0.2,1.1,2007
6361,"09/02/2007 00:00:00",761532,7,405,N,HV,0.615,1484,52,14547,0,0,0.1,0.2,0.3,1.8,2007
6362,"09/02/2007 00:00:00",761538,7,405,S,HV,0.41,2877,100,13927,0,0,0,0,1.5,6.2,2007
6363,"09/02/2007 00:00:00",761541,7,405,S,ML,0.515,11499,100,90286,0,0,0,0,0,1.1,2007
6364,"09/02/2007 00:00:00",761548,7,405,S,HV,0.255,2878,100,14017,0,0,0,0,0,1.7,2007
6365,"09/02/2007 00:00:00",761552,7,405,S,ML,0.325,11513,100,87891,0,0,0,0,0,0.2,2007
6446,"09/02/2007 00:00:00",762517,7,405,N,HV,0.85,2879,100,17104,0,0,0,0,0.4,8.8,2007
6447,"09/02/2007 00:00:00",762518,7,405,S,HV,0.75,2877,100,15305,0,0,0.1,0.4,0.9,7.2,2007
6448,"09/02/2007 00:00:00",762520,7,405,N,HV,0.565,2788,98,17008,0,0,0,0,0,4.3,2007
6449,"09/02/2007 00:00:00",762523,7,405,N,HV,0.675,2843,99,16897,0,0,0,0,1.7,13.8,2007
6450,"09/02/2007 00:00:00",762526,7,405,N,HV,0.505,2842,99,16708,0,0,0,0,0,2.2,2007
6451,"09/02/2007 00:00:00",762528,7,405,N,HV,0.175,2255,99,16412,0,0,0,0,0,1,2007
6452,"09/02/2007 00:00:00",762531,7,405,N,HV,0.325,2110,99,16632,0,0,0,0,0.7,5.9,2007
6453,"09/02/2007 00:00:00",762533,7,405,N,HV,0.447,1744,100,15966,0,0,0,0,0,0,2007
6454,"09/02/2007 00:00:00",762535,7,405,N,HV,0.317,1840,100,15705,0,0,0,0.1,0.1,2.7,2007
6455,"09/02/2007 00:00:00",762538,7,405,N,HV,0.735,2879,100,15409,0,0,0,0,1.8,14,2007
6456,"09/02/2007 00:00:00",762541,7,405,N,HV,0.725,2833,100,12958,0,0,0,0,0,0,2007
6457,"09/02/2007 00:00:00",762543,7,405,N,HV,0.985,2880,100,23773,0,0,0,0,0,0.5,2007
6458,"09/02/2007 00:00:00",762545,7,405,N,HV,0.925,0,0,14597,0,0,0,0,0,0,2007
6459,"09/02/2007 00:00:00",762547,7,405,N,HV,0.315,0,0,14597,0,0,0,0,0,0,2007
6460,"09/02/2007 00:00:00",762549,7,405,N,HV,0.515,2837,100,34669,0,0,0,0,0,0.8,2007
6461,"09/02/2007 00:00:00",762552,7,405,N,HV,0.43,2761,100,14802,0,0,0,0,3.6,9.6,2007
6462,"09/02/2007 00:00:00",762553,7,405,S,HV,0.49,2759,100,14109,0,0,0,0,0,1.5,2007
6463,"09/02/2007 00:00:00",762555,7,405,N,HV,0.505,0,0,14597,0,0,0,0,0,0,2007
6464,"09/02/2007 00:00:00",762557,7,405,N,HV,0.205,0,0,14597,0,0,0,0,0,0,2007
6465,"09/02/2007 00:00:00",762559,7,405,N,HV,0.41,2785,98,13697,0,0,0,0,0,1.6,2007
6466,"09/02/2007 00:00:00",762561,7,405,N,HV,0.975,2880,100,13786,0,0,0.2,0.8,1.3,7.9,2007
6467,"09/02/2007 00:00:00",762565,7,405,N,HV,0.45,2861,100,8263,0,0,0,0,0,0,2007
6468,"09/02/2007 00:00:00",762567,7,405,N,HV,0.78,2874,100,8721,0,0,0,0,0,0,2007
6469,"09/02/2007 00:00:00",762569,7,405,N,HV,0.86,2839,100,8949,8.7,10.8,12.4,13.8,15.1,16.2,2007
6470,"09/02/2007 00:00:00",762571,7,405,N,HV,0.835,2816,100,9084,0,0,0,0,0.2,0.9,2007
6471,"09/02/2007 00:00:00",762573,7,405,N,HV,3,123,0,8387,0,0,0,2.3,10.6,23.8,2007
6472,"09/02/2007 00:00:00",762576,7,405,S,HV,0.45,2789,99,15361,0,0,0.1,1.9,6,12.3,2007
6473,"09/02/2007 00:00:00",762578,7,405,S,HV,0.645,2835,99,16987,126,131.3,135.5,139,141.9,149.1,2007
6474,"09/02/2007 00:00:00",762580,7,405,S,HV,0.475,2848,99,15186,0,0,0,0,0,2.8,2007
6475,"09/02/2007 00:00:00",762582,7,405,S,HV,0.275,2817,99,15158,0,0,0,0,0.6,3.9,2007
6476,"09/02/2007 00:00:00",762584,7,405,S,HV,0.455,0,0,14597,0,0,0,0,0,0,2007
6477,"09/02/2007 00:00:00",762586,7,405,S,HV,0.507,1713,100,15546,0,0,0.1,2,11.1,19.3,2007
6478,"09/02/2007 00:00:00",762588,7,405,S,HV,0.297,1588,100,16028,0,0,0,0,0,3.2,2007
6479,"09/02/2007 00:00:00",762590,7,405,S,HV,0.21,1302,99,16132,0,0,0.1,0.1,0.2,0.2,2007
6480,"09/02/2007 00:00:00",762592,7,405,S,HV,0.535,1797,100,15871,0,0,0,0,0,3,2007
6481,"09/02/2007 00:00:00",762594,7,405,S,HV,0.705,2875,100,15963,0,0,0,2,14,24.8,2007
6482,"09/02/2007 00:00:00",762596,7,405,S,HV,0.71,2821,100,16156,0,0,0,0,1,10.6,2007
6483,"09/02/2007 00:00:00",762598,7,405,S,HV,0.93,2844,100,15861,0,0,0,0,1.8,11.2,2007
6484,"09/02/2007 00:00:00",762600,7,405,S,HV,0.53,0,0,14597,0,0,0,0,0,0,2007
6485,"09/02/2007 00:00:00",762602,7,405,S,HV,0.73,0,0,8586,0,0,0,0,0,0,2007
6486,"09/02/2007 00:00:00",762604,7,405,S,HV,0.595,2609,0,7832,0,0,0,0,0,0,2007
6487,"09/02/2007 00:00:00",762606,7,405,S,HV,0.67,0,0,14597,0,0,0,0,0,0,2007
6488,"09/02/2007 00:00:00",762608,7,405,S,HV,2.488,0,0,14597,0,0,0,0,0,0,2007
6825,"09/02/2007 00:00:00",764556,7,405,S,HV,0.815,2877,100,15864,0,0,0,0,0.8,12.4,2007
6826,"09/02/2007 00:00:00",764559,7,405,S,HV,0.315,0,0,14597,0,0,0,0,0,0,2007
6827,"09/02/2007 00:00:00",764561,7,405,S,HV,0.205,0,0,14597,0,0,0,0,0,0,2007
6828,"09/02/2007 00:00:00",764563,7,405,S,HV,0.15,0,0,14597,0,0,0,0,0,0,2007
6829,"09/02/2007 00:00:00",764565,7,405,N,HV,0.58,2877,100,20150,0,0.2,2.9,18.8,34.4,48.1,2007
6830,"09/02/2007 00:00:00",764567,7,405,S,ML,0.37,0,0,102741,0,0,0,0,2.1,14.5,2007
6831,"09/02/2007 00:00:00",764572,7,405,S,ML,0.16,0,0,112672,0,0,0,0,1,11,2007
6832,"09/02/2007 00:00:00",764578,7,405,S,ML,0.39,11507,100,100283,0,0,0,0,0.7,8.9,2007
6833,"09/02/2007 00:00:00",764583,7,405,N,ML,0.39,11507,100,101729,0,0,0,0,0,0.9,2007
6834,"09/02/2007 00:00:00",764588,7,405,S,HV,0.46,2873,100,14155,0,0,0,0,0,3.1,2007
6835,"09/02/2007 00:00:00",764590,7,405,S,ML,0.143,14367,100,88632,0,0,0,0,0,0,2007
6836,"09/02/2007 00:00:00",764596,7,405,S,HV,0.145,0,0,14597,0,0,0,0,0,0,2007
6837,"09/02/2007 00:00:00",764598,7,405,S,ML,0.12,0,0,98418,0,0,0,0,0,3.3,2007
6838,"09/02/2007 00:00:00",764604,7,405,S,ML,0.33,11515,100,81241,0,0,0,0,0,0,2007
6839,"09/02/2007 00:00:00",764609,7,405,S,HV,0.52,2842,100,13869,0,0,0,0,0,3.9,2007
6840,"09/02/2007 00:00:00",764611,7,405,S,HV,0.575,2829,100,14363,0,0,0,0,0,1.1,2007
6841,"09/02/2007 00:00:00",764613,7,405,N,HV,0.31,0,0,14597,0,0,0,0,0,0,2007
6842,"09/02/2007 00:00:00",764615,7,405,S,HV,0.47,1459,0,9640,0,0.2,0.6,0.9,1.3,1.7,2007
6850,"09/02/2007 00:00:00",764657,7,405,S,HV,0.375,0,0,14597,0,0,0,0,0,0,2007
6851,"09/02/2007 00:00:00",764659,7,405,N,HV,0.365,0,0,14597,0,0,0,0,0,0,2007
6852,"09/02/2007 00:00:00",764661,7,405,N,HV,0.565,0,0,14597,0,0,0,0,0,0,2007
6853,"09/02/2007 00:00:00",764663,7,405,S,HV,0.55,0,0,14597,0,0,0,0,0,0,2007
6854,"09/02/2007 00:00:00",764665,7,405,S,HV,0.26,2846,99,15216,0,0,0,0,0,1.6,2007
6855,"09/02/2007 00:00:00",764667,7,405,N,HV,0.415,2848,99,16512,0,0,0,0,0.5,6.9,2007
6856,"09/02/2007 00:00:00",764669,7,405,S,HV,0.47,0,0,14597,0,0,0,0,0,0,2007
6857,"09/02/2007 00:00:00",764671,7,405,S,ML,0.505,11140,99,114971,0,0,0.8,4.5,12.3,28.7,2007
6858,"09/02/2007 00:00:00",764676,7,405,N,HV,0.285,1194,86,14762,0,0,0.1,0.1,0.3,1.9,2007
6859,"09/02/2007 00:00:00",764680,7,405,S,FR,NA,0,0,NA,NA,NA,NA,NA,NA,NA,2007
6860,"09/02/2007 00:00:00",764682,7,405,N,FR,NA,0,0,NA,NA,NA,NA,NA,NA,NA,2007
6862,"09/02/2007 00:00:00",764686,7,405,S,FR,NA,0,0,NA,NA,NA,NA,NA,NA,NA,2007
6863,"09/02/2007 00:00:00",764690,7,405,N,FR,NA,2370,99,6936,NA,NA,NA,NA,NA,NA,2007
6864,"09/02/2007 00:00:00",764692,7,405,N,FR,NA,2113,96,1671,NA,NA,NA,NA,NA,NA,2007
6865,"09/02/2007 00:00:00",764694,7,405,N,FR,NA,1944,92,2044,NA,NA,NA,NA,NA,NA,2007
6866,"09/02/2007 00:00:00",764696,7,405,N,FR,NA,1888,88,4536,NA,NA,NA,NA,NA,NA,2007
6868,"09/02/2007 00:00:00",764700,7,405,N,FR,NA,8583,100,11814,NA,NA,NA,NA,NA,NA,2007
6869,"09/02/2007 00:00:00",764704,7,405,S,FR,NA,2870,100,9265,NA,NA,NA,NA,NA,NA,2007
6870,"09/02/2007 00:00:00",764706,7,405,S,FR,NA,5722,100,2786,NA,NA,NA,NA,NA,NA,2007
6875,"09/02/2007 00:00:00",764717,7,405,S,FR,NA,2841,0,NA,NA,NA,NA,NA,NA,NA,2007
6876,"09/02/2007 00:00:00",764719,7,405,N,FR,NA,2858,100,7854,NA,NA,NA,NA,NA,NA,2007
6882,"09/02/2007 00:00:00",764735,7,405,S,FR,NA,5727,100,5170,NA,NA,NA,NA,NA,NA,2007
6885,"09/02/2007 00:00:00",764748,7,405,S,OR,NA,0,0,NA,NA,NA,NA,NA,NA,NA,2007
6887,"09/02/2007 00:00:00",764754,7,405,S,ML,0.425,0,0,94073,0,0.7,2.4,4.1,6.2,17.7,2007
6966,"09/02/2007 00:00:00",765113,7,405,N,FR,NA,0,0,NA,NA,NA,NA,NA,NA,NA,2007
6967,"09/02/2007 00:00:00",765115,7,405,S,FR,NA,0,0,NA,NA,NA,NA,NA,NA,NA,2007
6968,"09/02/2007 00:00:00",765117,7,405,N,FR,NA,0,0,NA,NA,NA,NA,NA,NA,NA,2007
6969,"09/02/2007 00:00:00",765120,7,405,S,FR,NA,123,0,NA,NA,NA,NA,NA,NA,NA,2007
6970,"09/02/2007 00:00:00",765122,7,405,N,FR,NA,2880,0,NA,NA,NA,NA,NA,NA,NA,2007
6971,"09/02/2007 00:00:00",765124,7,405,S,FR,NA,2813,100,10463,NA,NA,NA,NA,NA,NA,2007
6972,"09/02/2007 00:00:00",765126,7,405,N,FR,NA,0,0,NA,NA,NA,NA,NA,NA,NA,2007
6975,"09/02/2007 00:00:00",765133,7,405,N,FR,NA,0,0,NA,NA,NA,NA,NA,NA,NA,2007
6985,"09/02/2007 00:00:00",765153,7,405,S,ML,0.645,11497,100,99548,0,0,0,0,0,4.5,2007
6986,"09/02/2007 00:00:00",765154,7,405,S,FR,NA,5719,100,14156,NA,NA,NA,NA,NA,NA,2007
6987,"09/02/2007 00:00:00",765155,7,405,S,OR,NA,2864,100,1706,NA,NA,NA,NA,NA,NA,2007
6988,"09/02/2007 00:00:00",765159,7,405,S,FR,NA,5752,0,NA,NA,NA,NA,NA,NA,NA,2007
6990,"09/02/2007 00:00:00",765169,7,405,S,HV,0.83,2870,100,9715,0,0,0,0,0.1,0.9,2007
6991,"09/02/2007 00:00:00",765171,7,405,S,ML,0.495,11480,100,79029,16.4,19.9,23.8,28.6,34.2,42.3,2007
6994,"09/02/2007 00:00:00",765187,7,405,N,FR,NA,0,0,NA,NA,NA,NA,NA,NA,NA,2007
6995,"09/02/2007 00:00:00",765191,7,405,N,FR,NA,2325,99,10394,NA,NA,NA,NA,NA,NA,2007
6996,"09/02/2007 00:00:00",765195,7,405,N,HV,2.665,0,0,14597,0,0,0,0,0,0,2007
6997,"09/02/2007 00:00:00",765197,7,405,S,FR,NA,2873,100,1978,NA,NA,NA,NA,NA,NA,2007
7001,"09/02/2007 00:00:00",765211,7,405,N,OR,NA,2324,99,6251,NA,NA,NA,NA,NA,NA,2007
7004,"09/02/2007 00:00:00",765263,7,405,S,HV,0.29,2859,100,10186,0.2,0.5,0.7,1.2,2.3,4.2,2007
7005,"09/02/2007 00:00:00",765265,7,405,S,ML,0.29,11504,75,76678,1.1,1.8,2.5,3.2,4,5.5,2007
7006,"09/02/2007 00:00:00",765271,7,405,S,HV,0.475,2875,100,9471,3.1,3.5,4,4.4,4.7,5.1,2007
7007,"09/02/2007 00:00:00",765273,7,405,S,ML,0.475,8706,75,81703,7.3,9.8,11.9,14,16.1,19.9,2007
7008,"09/02/2007 00:00:00",765295,7,405,S,FR,NA,0,0,NA,NA,NA,NA,NA,NA,NA,2007
7009,"09/02/2007 00:00:00",765297,7,405,S,OR,NA,2869,100,6053,NA,NA,NA,NA,NA,NA,2007
7010,"09/02/2007 00:00:00",765301,7,405,S,OR,NA,2863,100,3496,NA,NA,NA,NA,NA,NA,2007
7063,"09/02/2007 00:00:00",766268,7,405,N,FR,NA,0,0,NA,NA,NA,NA,NA,NA,NA,2007
7070,"09/02/2007 00:00:00",766291,7,405,S,FF,NA,5748,100,8587,NA,NA,NA,NA,NA,NA,2007
7071,"09/02/2007 00:00:00",766292,7,405,S,CD,NA,2872,100,6591,NA,NA,NA,NA,NA,NA,2007
7078,"09/02/2007 00:00:00",766493,7,405,S,ML,0.365,0,0,97155,0,0,0,0,0.3,15.1,2007
7079,"09/02/2007 00:00:00",766494,7,405,S,HV,0.365,0,0,14597,0,0,0,0,0,0,2007
7080,"09/02/2007 00:00:00",766495,7,405,N,CD,NA,0,0,NA,NA,NA,NA,NA,NA,NA,2007
7081,"09/02/2007 00:00:00",766504,7,405,S,CD,NA,0,0,NA,NA,NA,NA,NA,NA,NA,2007
7082,"09/02/2007 00:00:00",766505,7,405,N,ML,0.375,0,0,100579,0,0,0,0,0.1,3.4,2007
7083,"09/02/2007 00:00:00",766506,7,405,N,HV,0.375,0,0,14597,0,0,0,0,0,0,2007
7188,"09/02/2007 00:00:00",766952,7,405,S,HV,0.885,1954,90,17380,0,0,0,0.4,1.8,10.6,2007
7189,"09/02/2007 00:00:00",766954,7,405,S,HV,0.91,2068,95,20175,0,0.2,0.9,10.1,35.2,58.6,2007
7190,"09/02/2007 00:00:00",766956,7,405,S,HV,2.69,0,0,14597,0,0,0,0,0,0,2007
7210,"09/02/2007 00:00:00",767053,7,405,S,ML,0.45,11507,100,77936,23.2,25.8,28.7,32.3,37.8,44.6,2007
7211,"09/02/2007 00:00:00",767054,7,405,S,HV,0.45,2879,100,9421,0,0,0,0,0,0.2,2007
7212,"09/02/2007 00:00:00",767055,7,405,S,OR,NA,2862,100,6936,NA,NA,NA,NA,NA,NA,2007
7213,"09/02/2007 00:00:00",767056,7,405,S,FR,NA,2871,100,6505,NA,NA,NA,NA,NA,NA,2007
7228,"09/02/2007 00:00:00",767258,7,405,S,HV,0.285,2878,100,11266,0,0,0,0,0,0,2007
7229,"09/02/2007 00:00:00",767260,7,405,S,HV,0.93,2874,100,16999,6.1,7.5,9.3,11.3,19.8,38.9,2007
7230,"09/02/2007 00:00:00",767262,7,405,S,HV,0.165,0,0,17763,3.2,4,4.9,5.5,6,7.2,2007
7231,"09/02/2007 00:00:00",767264,7,405,S,HV,0.77,0,0,14597,0,0,0,0,0,0,2007
7237,"09/02/2007 00:00:00",767350,7,405,S,ML,0.615,11514,100,86007,0,0,0,0,0,1.3,2007
7238,"09/02/2007 00:00:00",767351,7,405,N,ML,0.575,11512,100,87515,0,0,0,0,0.2,2.8,2007
7239,"09/02/2007 00:00:00",767352,7,405,S,HV,0.615,2877,100,9634,0,0,0,0,0,0,2007
7240,"09/02/2007 00:00:00",767353,7,405,N,HV,0.575,2876,100,8958,0,0,0,0,0,0,2007
7241,"09/02/2007 00:00:00",767366,7,405,S,ML,0.615,11519,100,89808,0,0,0,0.1,0.6,4,2007
7242,"09/02/2007 00:00:00",767367,7,405,N,ML,0.705,11516,100,89777,0,0,0,0.4,5.9,22.3,2007
7243,"09/02/2007 00:00:00",767368,7,405,S,HV,0.615,2874,100,9017,0,0,0,0,0,0,2007
7244,"09/02/2007 00:00:00",767369,7,405,N,HV,0.705,2879,100,9372,0,0,0,0,0.3,1.3,2007
7347,"09/02/2007 00:00:00",767812,7,405,N,ML,0.68,11492,0,76955,0,0,0,0,0.7,14.9,2007
7348,"09/02/2007 00:00:00",767827,7,405,S,ML,0.404,6943,0,72728,0,0,0,0,0,4.2,2007
7352,"09/02/2007 00:00:00",767847,7,405,S,HV,0.24,2875,100,14014,0,0,0,0,0,1.2,2007
7527,"09/02/2007 00:00:00",768618,7,405,S,HV,0.845,2121,96,18998,0,0,0,0,1.1,8.7,2007
