did,vid,d_county,v_county,d_route,v_route,id,route_number,route_suffix,county,vhd_rank,annual_vhd_35,annual_vmt,year_
67,49412,"Los Angeles",LA,2,2,67,2,,"Los Angeles",67,244383,419707050,2014
67,49413,"Los Angeles",LA,2,2,67,2,,"Los Angeles",67,244383,419707050,2014
67,49414,"Los Angeles",LA,2,2,67,2,,"Los Angeles",67,244383,419707050,2014
67,49415,"Los Angeles",LA,2,2,67,2,,"Los Angeles",67,244383,419707050,2014
67,49416,"Los Angeles",LA,2,2,67,2,,"Los Angeles",67,244383,419707050,2014
67,49417,"Los Angeles",LA,2,2,67,2,,"Los Angeles",67,244383,419707050,2014
67,49418,"Los Angeles",LA,2,2,67,2,,"Los Angeles",67,244383,419707050,2014
67,49419,"Los Angeles",LA,2,2,67,2,,"Los Angeles",67,244383,419707050,2014
67,49420,"Los Angeles",LA,2,2,67,2,,"Los Angeles",67,244383,419707050,2014
67,49421,"Los Angeles",LA,2,2,67,2,,"Los Angeles",67,244383,419707050,2014
67,49422,"Los Angeles",LA,2,2,67,2,,"Los Angeles",67,244383,419707050,2014
67,49423,"Los Angeles",LA,2,2,67,2,,"Los Angeles",67,244383,419707050,2014
67,49424,"Los Angeles",LA,2,2,67,2,,"Los Angeles",67,244383,419707050,2014
67,49425,"Los Angeles",LA,2,2,67,2,,"Los Angeles",67,244383,419707050,2014
67,49426,"Los Angeles",LA,2,2,67,2,,"Los Angeles",67,244383,419707050,2014
67,49427,"Los Angeles",LA,2,2,67,2,,"Los Angeles",67,244383,419707050,2014
67,49428,"Los Angeles",LA,2,2,67,2,,"Los Angeles",67,244383,419707050,2014
67,49429,"Los Angeles",LA,2,2,67,2,,"Los Angeles",67,244383,419707050,2014
67,49430,"Los Angeles",LA,2,2,67,2,,"Los Angeles",67,244383,419707050,2014
67,49431,"Los Angeles",LA,2,2,67,2,,"Los Angeles",67,244383,419707050,2014
67,49432,"Los Angeles",LA,2,2,67,2,,"Los Angeles",67,244383,419707050,2014
67,49433,"Los Angeles",LA,2,2,67,2,,"Los Angeles",67,244383,419707050,2014
67,49434,"Los Angeles",LA,2,2,67,2,,"Los Angeles",67,244383,419707050,2014
67,49435,"Los Angeles",LA,2,2,67,2,,"Los Angeles",67,244383,419707050,2014
67,49436,"Los Angeles",LA,2,2,67,2,,"Los Angeles",67,244383,419707050,2014
67,49437,"Los Angeles",LA,2,2,67,2,,"Los Angeles",67,244383,419707050,2014
67,49438,"Los Angeles",LA,2,2,67,2,,"Los Angeles",67,244383,419707050,2014
67,49439,"Los Angeles",LA,2,2,67,2,,"Los Angeles",67,244383,419707050,2014
67,49440,"Los Angeles",LA,2,2,67,2,,"Los Angeles",67,244383,419707050,2014
67,49441,"Los Angeles",LA,2,2,67,2,,"Los Angeles",67,244383,419707050,2014
67,49442,"Los Angeles",LA,2,2,67,2,,"Los Angeles",67,244383,419707050,2014
67,49443,"Los Angeles",LA,2,2,67,2,,"Los Angeles",67,244383,419707050,2014
4,49675,"Los Angeles",LA,5,5,4,5,,"Los Angeles",4,5044418,4085540237,2014
4,49676,"Los Angeles",LA,5,5,4,5,,"Los Angeles",4,5044418,4085540237,2014
4,49677,"Los Angeles",LA,5,5,4,5,,"Los Angeles",4,5044418,4085540237,2014
4,49678,"Los Angeles",LA,5,5,4,5,,"Los Angeles",4,5044418,4085540237,2014
4,49679,"Los Angeles",LA,5,5,4,5,,"Los Angeles",4,5044418,4085540237,2014
4,49680,"Los Angeles",LA,5,5,4,5,,"Los Angeles",4,5044418,4085540237,2014
4,49681,"Los Angeles",LA,5,5,4,5,,"Los Angeles",4,5044418,4085540237,2014
4,49682,"Los Angeles",LA,5,5,4,5,,"Los Angeles",4,5044418,4085540237,2014
4,49683,"Los Angeles",LA,5,5,4,5,,"Los Angeles",4,5044418,4085540237,2014
4,49684,"Los Angeles",LA,5,5,4,5,,"Los Angeles",4,5044418,4085540237,2014
4,49685,"Los Angeles",LA,5,5,4,5,,"Los Angeles",4,5044418,4085540237,2014
4,49686,"Los Angeles",LA,5,5,4,5,,"Los Angeles",4,5044418,4085540237,2014
4,49687,"Los Angeles",LA,5,5,4,5,,"Los Angeles",4,5044418,4085540237,2014
4,49688,"Los Angeles",LA,5,5,4,5,,"Los Angeles",4,5044418,4085540237,2014
4,49689,"Los Angeles",LA,5,5,4,5,,"Los Angeles",4,5044418,4085540237,2014
4,49690,"Los Angeles",LA,5,5,4,5,,"Los Angeles",4,5044418,4085540237,2014
4,49691,"Los Angeles",LA,5,5,4,5,,"Los Angeles",4,5044418,4085540237,2014
4,49692,"Los Angeles",LA,5,5,4,5,,"Los Angeles",4,5044418,4085540237,2014
4,49693,"Los Angeles",LA,5,5,4,5,,"Los Angeles",4,5044418,4085540237,2014
4,49694,"Los Angeles",LA,5,5,4,5,,"Los Angeles",4,5044418,4085540237,2014
4,49695,"Los Angeles",LA,5,5,4,5,,"Los Angeles",4,5044418,4085540237,2014
4,49696,"Los Angeles",LA,5,5,4,5,,"Los Angeles",4,5044418,4085540237,2014
4,49697,"Los Angeles",LA,5,5,4,5,,"Los Angeles",4,5044418,4085540237,2014
4,49698,"Los Angeles",LA,5,5,4,5,,"Los Angeles",4,5044418,4085540237,2014
4,49699,"Los Angeles",LA,5,5,4,5,,"Los Angeles",4,5044418,4085540237,2014
4,49700,"Los Angeles",LA,5,5,4,5,,"Los Angeles",4,5044418,4085540237,2014
4,49701,"Los Angeles",LA,5,5,4,5,,"Los Angeles",4,5044418,4085540237,2014
4,49702,"Los Angeles",LA,5,5,4,5,,"Los Angeles",4,5044418,4085540237,2014
4,49703,"Los Angeles",LA,5,5,4,5,,"Los Angeles",4,5044418,4085540237,2014
4,49704,"Los Angeles",LA,5,5,4,5,,"Los Angeles",4,5044418,4085540237,2014
4,49705,"Los Angeles",LA,5,5,4,5,,"Los Angeles",4,5044418,4085540237,2014
4,49706,"Los Angeles",LA,5,5,4,5,,"Los Angeles",4,5044418,4085540237,2014
4,49707,"Los Angeles",LA,5,5,4,5,,"Los Angeles",4,5044418,4085540237,2014
4,49708,"Los Angeles",LA,5,5,4,5,,"Los Angeles",4,5044418,4085540237,2014
4,49709,"Los Angeles",LA,5,5,4,5,,"Los Angeles",4,5044418,4085540237,2014
4,49710,"Los Angeles",LA,5,5,4,5,,"Los Angeles",4,5044418,4085540237,2014
4,49711,"Los Angeles",LA,5,5,4,5,,"Los Angeles",4,5044418,4085540237,2014
4,49712,"Los Angeles",LA,5,5,4,5,,"Los Angeles",4,5044418,4085540237,2014
4,49713,"Los Angeles",LA,5,5,4,5,,"Los Angeles",4,5044418,4085540237,2014
4,49714,"Los Angeles",LA,5,5,4,5,,"Los Angeles",4,5044418,4085540237,2014
4,49715,"Los Angeles",LA,5,5,4,5,,"Los Angeles",4,5044418,4085540237,2014
4,49716,"Los Angeles",LA,5,5,4,5,,"Los Angeles",4,5044418,4085540237,2014
4,49717,"Los Angeles",LA,5,5,4,5,,"Los Angeles",4,5044418,4085540237,2014
4,49718,"Los Angeles",LA,5,5,4,5,,"Los Angeles",4,5044418,4085540237,2014
4,49719,"Los Angeles",LA,5,5,4,5,,"Los Angeles",4,5044418,4085540237,2014
4,49720,"Los Angeles",LA,5,5,4,5,,"Los Angeles",4,5044418,4085540237,2014
4,49721,"Los Angeles",LA,5,5,4,5,,"Los Angeles",4,5044418,4085540237,2014
4,49722,"Los Angeles",LA,5,5,4,5,,"Los Angeles",4,5044418,4085540237,2014
4,49723,"Los Angeles",LA,5,5,4,5,,"Los Angeles",4,5044418,4085540237,2014
4,49724,"Los Angeles",LA,5,5,4,5,,"Los Angeles",4,5044418,4085540237,2014
4,49725,"Los Angeles",LA,5,5,4,5,,"Los Angeles",4,5044418,4085540237,2014
4,49726,"Los Angeles",LA,5,5,4,5,,"Los Angeles",4,5044418,4085540237,2014
4,49727,"Los Angeles",LA,5,5,4,5,,"Los Angeles",4,5044418,4085540237,2014
4,49728,"Los Angeles",LA,5,5,4,5,,"Los Angeles",4,5044418,4085540237,2014
4,49729,"Los Angeles",LA,5,5,4,5,,"Los Angeles",4,5044418,4085540237,2014
4,49730,"Los Angeles",LA,5,5,4,5,,"Los Angeles",4,5044418,4085540237,2014
4,49731,"Los Angeles",LA,5,5,4,5,,"Los Angeles",4,5044418,4085540237,2014
4,49732,"Los Angeles",LA,5,5,4,5,,"Los Angeles",4,5044418,4085540237,2014
4,49733,"Los Angeles",LA,5,5,4,5,,"Los Angeles",4,5044418,4085540237,2014
4,49734,"Los Angeles",LA,5,5,4,5,,"Los Angeles",4,5044418,4085540237,2014
4,49735,"Los Angeles",LA,5,5,4,5,,"Los Angeles",4,5044418,4085540237,2014
4,49736,"Los Angeles",LA,5,5,4,5,,"Los Angeles",4,5044418,4085540237,2014
4,49737,"Los Angeles",LA,5,5,4,5,,"Los Angeles",4,5044418,4085540237,2014
4,49738,"Los Angeles",LA,5,5,4,5,,"Los Angeles",4,5044418,4085540237,2014
4,49739,"Los Angeles",LA,5,5,4,5,,"Los Angeles",4,5044418,4085540237,2014
4,49740,"Los Angeles",LA,5,5,4,5,,"Los Angeles",4,5044418,4085540237,2014
4,49741,"Los Angeles",LA,5,5,4,5,,"Los Angeles",4,5044418,4085540237,2014
4,49742,"Los Angeles",LA,5,5,4,5,,"Los Angeles",4,5044418,4085540237,2014
4,49743,"Los Angeles",LA,5,5,4,5,,"Los Angeles",4,5044418,4085540237,2014
4,49744,"Los Angeles",LA,5,5,4,5,,"Los Angeles",4,5044418,4085540237,2014
4,49745,"Los Angeles",LA,5,5,4,5,,"Los Angeles",4,5044418,4085540237,2014
4,49746,"Los Angeles",LA,5,5,4,5,,"Los Angeles",4,5044418,4085540237,2014
4,49747,"Los Angeles",LA,5,5,4,5,,"Los Angeles",4,5044418,4085540237,2014
4,49748,"Los Angeles",LA,5,5,4,5,,"Los Angeles",4,5044418,4085540237,2014
4,49749,"Los Angeles",LA,5,5,4,5,,"Los Angeles",4,5044418,4085540237,2014
4,49750,"Los Angeles",LA,5,5,4,5,,"Los Angeles",4,5044418,4085540237,2014
4,49751,"Los Angeles",LA,5,5,4,5,,"Los Angeles",4,5044418,4085540237,2014
4,49752,"Los Angeles",LA,5,5,4,5,,"Los Angeles",4,5044418,4085540237,2014
4,49753,"Los Angeles",LA,5,5,4,5,,"Los Angeles",4,5044418,4085540237,2014
4,49754,"Los Angeles",LA,5,5,4,5,,"Los Angeles",4,5044418,4085540237,2014
4,49755,"Los Angeles",LA,5,5,4,5,,"Los Angeles",4,5044418,4085540237,2014
4,49756,"Los Angeles",LA,5,5,4,5,,"Los Angeles",4,5044418,4085540237,2014
3,50086,"Los Angeles",LA,10,10,3,10,,"Los Angeles",3,6483199,3510670202,2014
3,50087,"Los Angeles",LA,10,10,3,10,,"Los Angeles",3,6483199,3510670202,2014
3,50088,"Los Angeles",LA,10,10,3,10,,"Los Angeles",3,6483199,3510670202,2014
3,50089,"Los Angeles",LA,10,10,3,10,,"Los Angeles",3,6483199,3510670202,2014
3,50090,"Los Angeles",LA,10,10,3,10,,"Los Angeles",3,6483199,3510670202,2014
3,50091,"Los Angeles",LA,10,10,3,10,,"Los Angeles",3,6483199,3510670202,2014
3,50092,"Los Angeles",LA,10,10,3,10,,"Los Angeles",3,6483199,3510670202,2014
3,50093,"Los Angeles",LA,10,10,3,10,,"Los Angeles",3,6483199,3510670202,2014
3,50094,"Los Angeles",LA,10,10,3,10,,"Los Angeles",3,6483199,3510670202,2014
3,50095,"Los Angeles",LA,10,10,3,10,,"Los Angeles",3,6483199,3510670202,2014
3,50096,"Los Angeles",LA,10,10,3,10,,"Los Angeles",3,6483199,3510670202,2014
3,50097,"Los Angeles",LA,10,10,3,10,,"Los Angeles",3,6483199,3510670202,2014
3,50098,"Los Angeles",LA,10,10,3,10,,"Los Angeles",3,6483199,3510670202,2014
3,50099,"Los Angeles",LA,10,10,3,10,,"Los Angeles",3,6483199,3510670202,2014
3,50100,"Los Angeles",LA,10,10,3,10,,"Los Angeles",3,6483199,3510670202,2014
3,50101,"Los Angeles",LA,10,10,3,10,,"Los Angeles",3,6483199,3510670202,2014
3,50102,"Los Angeles",LA,10,10,3,10,,"Los Angeles",3,6483199,3510670202,2014
3,50103,"Los Angeles",LA,10,10,3,10,,"Los Angeles",3,6483199,3510670202,2014
3,50104,"Los Angeles",LA,10,10,3,10,,"Los Angeles",3,6483199,3510670202,2014
3,50105,"Los Angeles",LA,10,10,3,10,,"Los Angeles",3,6483199,3510670202,2014
3,50106,"Los Angeles",LA,10,10,3,10,,"Los Angeles",3,6483199,3510670202,2014
3,50107,"Los Angeles",LA,10,10,3,10,,"Los Angeles",3,6483199,3510670202,2014
3,50108,"Los Angeles",LA,10,10,3,10,,"Los Angeles",3,6483199,3510670202,2014
3,50109,"Los Angeles",LA,10,10,3,10,,"Los Angeles",3,6483199,3510670202,2014
3,50110,"Los Angeles",LA,10,10,3,10,,"Los Angeles",3,6483199,3510670202,2014
3,50111,"Los Angeles",LA,10,10,3,10,,"Los Angeles",3,6483199,3510670202,2014
3,50112,"Los Angeles",LA,10,10,3,10,,"Los Angeles",3,6483199,3510670202,2014
3,50113,"Los Angeles",LA,10,10,3,10,,"Los Angeles",3,6483199,3510670202,2014
3,50114,"Los Angeles",LA,10,10,3,10,,"Los Angeles",3,6483199,3510670202,2014
3,50115,"Los Angeles",LA,10,10,3,10,,"Los Angeles",3,6483199,3510670202,2014
3,50116,"Los Angeles",LA,10,10,3,10,,"Los Angeles",3,6483199,3510670202,2014
3,50117,"Los Angeles",LA,10,10,3,10,,"Los Angeles",3,6483199,3510670202,2014
3,50118,"Los Angeles",LA,10,10,3,10,,"Los Angeles",3,6483199,3510670202,2014
3,50119,"Los Angeles",LA,10,10,3,10,,"Los Angeles",3,6483199,3510670202,2014
3,50120,"Los Angeles",LA,10,10,3,10,,"Los Angeles",3,6483199,3510670202,2014
3,50121,"Los Angeles",LA,10,10,3,10,,"Los Angeles",3,6483199,3510670202,2014
3,50122,"Los Angeles",LA,10,10,3,10,,"Los Angeles",3,6483199,3510670202,2014
3,50123,"Los Angeles",LA,10,10,3,10,,"Los Angeles",3,6483199,3510670202,2014
3,50124,"Los Angeles",LA,10,10,3,10,,"Los Angeles",3,6483199,3510670202,2014
3,50125,"Los Angeles",LA,10,10,3,10,,"Los Angeles",3,6483199,3510670202,2014
3,50126,"Los Angeles",LA,10,10,3,10,,"Los Angeles",3,6483199,3510670202,2014
3,50127,"Los Angeles",LA,10,10,3,10,,"Los Angeles",3,6483199,3510670202,2014
3,50128,"Los Angeles",LA,10,10,3,10,,"Los Angeles",3,6483199,3510670202,2014
3,50129,"Los Angeles",LA,10,10,3,10,,"Los Angeles",3,6483199,3510670202,2014
3,50130,"Los Angeles",LA,10,10,3,10,,"Los Angeles",3,6483199,3510670202,2014
3,50131,"Los Angeles",LA,10,10,3,10,,"Los Angeles",3,6483199,3510670202,2014
3,50132,"Los Angeles",LA,10,10,3,10,,"Los Angeles",3,6483199,3510670202,2014
3,50133,"Los Angeles",LA,10,10,3,10,,"Los Angeles",3,6483199,3510670202,2014
3,50134,"Los Angeles",LA,10,10,3,10,,"Los Angeles",3,6483199,3510670202,2014
3,50135,"Los Angeles",LA,10,10,3,10,,"Los Angeles",3,6483199,3510670202,2014
3,50136,"Los Angeles",LA,10,10,3,10,,"Los Angeles",3,6483199,3510670202,2014
3,50137,"Los Angeles",LA,10,10,3,10,,"Los Angeles",3,6483199,3510670202,2014
3,50138,"Los Angeles",LA,10,10,3,10,,"Los Angeles",3,6483199,3510670202,2014
3,50139,"Los Angeles",LA,10,10,3,10,,"Los Angeles",3,6483199,3510670202,2014
3,50140,"Los Angeles",LA,10,10,3,10,,"Los Angeles",3,6483199,3510670202,2014
3,50141,"Los Angeles",LA,10,10,3,10,,"Los Angeles",3,6483199,3510670202,2014
3,50142,"Los Angeles",LA,10,10,3,10,,"Los Angeles",3,6483199,3510670202,2014
3,50143,"Los Angeles",LA,10,10,3,10,,"Los Angeles",3,6483199,3510670202,2014
3,50144,"Los Angeles",LA,10,10,3,10,,"Los Angeles",3,6483199,3510670202,2014
3,50145,"Los Angeles",LA,10,10,3,10,,"Los Angeles",3,6483199,3510670202,2014
3,50146,"Los Angeles",LA,10,10,3,10,,"Los Angeles",3,6483199,3510670202,2014
3,50147,"Los Angeles",LA,10,10,3,10,,"Los Angeles",3,6483199,3510670202,2014
3,50148,"Los Angeles",LA,10,10,3,10,,"Los Angeles",3,6483199,3510670202,2014
3,50149,"Los Angeles",LA,10,10,3,10,,"Los Angeles",3,6483199,3510670202,2014
3,50150,"Los Angeles",LA,10,10,3,10,,"Los Angeles",3,6483199,3510670202,2014
3,50151,"Los Angeles",LA,10,10,3,10,,"Los Angeles",3,6483199,3510670202,2014
3,50152,"Los Angeles",LA,10,10,3,10,,"Los Angeles",3,6483199,3510670202,2014
48,50329,"Los Angeles",LA,14,14,48,14,,"Los Angeles",48,477924,1006217285,2014
48,50330,"Los Angeles",LA,14,14,48,14,,"Los Angeles",48,477924,1006217285,2014
48,50331,"Los Angeles",LA,14,14,48,14,,"Los Angeles",48,477924,1006217285,2014
48,50332,"Los Angeles",LA,14,14,48,14,,"Los Angeles",48,477924,1006217285,2014
48,50333,"Los Angeles",LA,14,14,48,14,,"Los Angeles",48,477924,1006217285,2014
48,50334,"Los Angeles",LA,14,14,48,14,,"Los Angeles",48,477924,1006217285,2014
48,50335,"Los Angeles",LA,14,14,48,14,,"Los Angeles",48,477924,1006217285,2014
48,50336,"Los Angeles",LA,14,14,48,14,,"Los Angeles",48,477924,1006217285,2014
48,50337,"Los Angeles",LA,14,14,48,14,,"Los Angeles",48,477924,1006217285,2014
48,50338,"Los Angeles",LA,14,14,48,14,,"Los Angeles",48,477924,1006217285,2014
48,50339,"Los Angeles",LA,14,14,48,14,,"Los Angeles",48,477924,1006217285,2014
48,50340,"Los Angeles",LA,14,14,48,14,,"Los Angeles",48,477924,1006217285,2014
48,50341,"Los Angeles",LA,14,14,48,14,,"Los Angeles",48,477924,1006217285,2014
48,50342,"Los Angeles",LA,14,14,48,14,,"Los Angeles",48,477924,1006217285,2014
48,50343,"Los Angeles",LA,14,14,48,14,,"Los Angeles",48,477924,1006217285,2014
48,50344,"Los Angeles",LA,14,14,48,14,,"Los Angeles",48,477924,1006217285,2014
48,50345,"Los Angeles",LA,14,14,48,14,,"Los Angeles",48,477924,1006217285,2014
48,50346,"Los Angeles",LA,14,14,48,14,,"Los Angeles",48,477924,1006217285,2014
48,50347,"Los Angeles",LA,14,14,48,14,,"Los Angeles",48,477924,1006217285,2014
48,50348,"Los Angeles",LA,14,14,48,14,,"Los Angeles",48,477924,1006217285,2014
48,50349,"Los Angeles",LA,14,14,48,14,,"Los Angeles",48,477924,1006217285,2014
48,50350,"Los Angeles",LA,14,14,48,14,,"Los Angeles",48,477924,1006217285,2014
48,50351,"Los Angeles",LA,14,14,48,14,,"Los Angeles",48,477924,1006217285,2014
48,50352,"Los Angeles",LA,14,14,48,14,,"Los Angeles",48,477924,1006217285,2014
48,50353,"Los Angeles",LA,14,14,48,14,,"Los Angeles",48,477924,1006217285,2014
48,50354,"Los Angeles",LA,14,14,48,14,,"Los Angeles",48,477924,1006217285,2014
48,50355,"Los Angeles",LA,14,14,48,14,,"Los Angeles",48,477924,1006217285,2014
48,50356,"Los Angeles",LA,14,14,48,14,,"Los Angeles",48,477924,1006217285,2014
48,50357,"Los Angeles",LA,14,14,48,14,,"Los Angeles",48,477924,1006217285,2014
126,51340,"Los Angeles",LA,47,47,126,47,,"Los Angeles",127,10573,61373313,2014
126,51341,"Los Angeles",LA,47,47,126,47,,"Los Angeles",127,10573,61373313,2014
126,51342,"Los Angeles",LA,47,47,126,47,,"Los Angeles",127,10573,61373313,2014
126,51343,"Los Angeles",LA,47,47,126,47,,"Los Angeles",127,10573,61373313,2014
126,51344,"Los Angeles",LA,47,47,126,47,,"Los Angeles",127,10573,61373313,2014
126,51345,"Los Angeles",LA,47,47,126,47,,"Los Angeles",127,10573,61373313,2014
23,51636,"Los Angeles",LA,57,57,23,57,,"Los Angeles",23,1265524,725078194,2014
23,51637,"Los Angeles",LA,57,57,23,57,,"Los Angeles",23,1265524,725078194,2014
23,51638,"Los Angeles",LA,57,57,23,57,,"Los Angeles",23,1265524,725078194,2014
23,51639,"Los Angeles",LA,57,57,23,57,,"Los Angeles",23,1265524,725078194,2014
23,51640,"Los Angeles",LA,57,57,23,57,,"Los Angeles",23,1265524,725078194,2014
23,51641,"Los Angeles",LA,57,57,23,57,,"Los Angeles",23,1265524,725078194,2014
23,51642,"Los Angeles",LA,57,57,23,57,,"Los Angeles",23,1265524,725078194,2014
23,51643,"Los Angeles",LA,57,57,23,57,,"Los Angeles",23,1265524,725078194,2014
23,51644,"Los Angeles",LA,57,57,23,57,,"Los Angeles",23,1265524,725078194,2014
23,51645,"Los Angeles",LA,57,57,23,57,,"Los Angeles",23,1265524,725078194,2014
23,51646,"Los Angeles",LA,57,57,23,57,,"Los Angeles",23,1265524,725078194,2014
23,51647,"Los Angeles",LA,57,57,23,57,,"Los Angeles",23,1265524,725078194,2014
23,51648,"Los Angeles",LA,57,57,23,57,,"Los Angeles",23,1265524,725078194,2014
11,51722,"Los Angeles",LA,60,60,11,60,,"Los Angeles",11,2250157,2544446143,2014
11,51723,"Los Angeles",LA,60,60,11,60,,"Los Angeles",11,2250157,2544446143,2014
11,51724,"Los Angeles",LA,60,60,11,60,,"Los Angeles",11,2250157,2544446143,2014
11,51725,"Los Angeles",LA,60,60,11,60,,"Los Angeles",11,2250157,2544446143,2014
11,51726,"Los Angeles",LA,60,60,11,60,,"Los Angeles",11,2250157,2544446143,2014
11,51727,"Los Angeles",LA,60,60,11,60,,"Los Angeles",11,2250157,2544446143,2014
11,51728,"Los Angeles",LA,60,60,11,60,,"Los Angeles",11,2250157,2544446143,2014
11,51729,"Los Angeles",LA,60,60,11,60,,"Los Angeles",11,2250157,2544446143,2014
11,51730,"Los Angeles",LA,60,60,11,60,,"Los Angeles",11,2250157,2544446143,2014
11,51731,"Los Angeles",LA,60,60,11,60,,"Los Angeles",11,2250157,2544446143,2014
11,51732,"Los Angeles",LA,60,60,11,60,,"Los Angeles",11,2250157,2544446143,2014
11,51733,"Los Angeles",LA,60,60,11,60,,"Los Angeles",11,2250157,2544446143,2014
11,51734,"Los Angeles",LA,60,60,11,60,,"Los Angeles",11,2250157,2544446143,2014
11,51735,"Los Angeles",LA,60,60,11,60,,"Los Angeles",11,2250157,2544446143,2014
11,51736,"Los Angeles",LA,60,60,11,60,,"Los Angeles",11,2250157,2544446143,2014
11,51737,"Los Angeles",LA,60,60,11,60,,"Los Angeles",11,2250157,2544446143,2014
11,51738,"Los Angeles",LA,60,60,11,60,,"Los Angeles",11,2250157,2544446143,2014
11,51739,"Los Angeles",LA,60,60,11,60,,"Los Angeles",11,2250157,2544446143,2014
11,51740,"Los Angeles",LA,60,60,11,60,,"Los Angeles",11,2250157,2544446143,2014
11,51741,"Los Angeles",LA,60,60,11,60,,"Los Angeles",11,2250157,2544446143,2014
11,51742,"Los Angeles",LA,60,60,11,60,,"Los Angeles",11,2250157,2544446143,2014
11,51743,"Los Angeles",LA,60,60,11,60,,"Los Angeles",11,2250157,2544446143,2014
11,51744,"Los Angeles",LA,60,60,11,60,,"Los Angeles",11,2250157,2544446143,2014
11,51745,"Los Angeles",LA,60,60,11,60,,"Los Angeles",11,2250157,2544446143,2014
11,51746,"Los Angeles",LA,60,60,11,60,,"Los Angeles",11,2250157,2544446143,2014
11,51747,"Los Angeles",LA,60,60,11,60,,"Los Angeles",11,2250157,2544446143,2014
11,51748,"Los Angeles",LA,60,60,11,60,,"Los Angeles",11,2250157,2544446143,2014
11,51749,"Los Angeles",LA,60,60,11,60,,"Los Angeles",11,2250157,2544446143,2014
11,51750,"Los Angeles",LA,60,60,11,60,,"Los Angeles",11,2250157,2544446143,2014
71,51997,"Los Angeles",LA,71,71,71,71,,"Los Angeles",71,223114,111097446,2014
71,51998,"Los Angeles",LA,71,71,71,71,,"Los Angeles",71,223114,111097446,2014
71,51999,"Los Angeles",LA,71,71,71,71,,"Los Angeles",71,223114,111097446,2014
71,52000,"Los Angeles",LA,71,71,71,71,,"Los Angeles",71,223114,111097446,2014
71,52001,"Los Angeles",LA,71,71,71,71,,"Los Angeles",71,223114,111097446,2014
71,52002,"Los Angeles",LA,71,71,71,71,,"Los Angeles",71,223114,111097446,2014
71,52003,"Los Angeles",LA,71,71,71,71,,"Los Angeles",71,223114,111097446,2014
71,52004,"Los Angeles",LA,71,71,71,71,,"Los Angeles",71,223114,111097446,2014
71,52005,"Los Angeles",LA,71,71,71,71,,"Los Angeles",71,223114,111097446,2014
71,52006,"Los Angeles",LA,71,71,71,71,,"Los Angeles",71,223114,111097446,2014
71,52007,"Los Angeles",LA,71,71,71,71,,"Los Angeles",71,223114,111097446,2014
144,52674,"Los Angeles",LA,90,90,144,90,,"Los Angeles",146,1347,76077316,2014
144,52675,"Los Angeles",LA,90,90,144,90,,"Los Angeles",146,1347,76077316,2014
144,52676,"Los Angeles",LA,90,90,144,90,,"Los Angeles",146,1347,76077316,2014
144,52677,"Los Angeles",LA,90,90,144,90,,"Los Angeles",146,1347,76077316,2014
144,52678,"Los Angeles",LA,90,90,144,90,,"Los Angeles",146,1347,76077316,2014
144,52679,"Los Angeles",LA,90,90,144,90,,"Los Angeles",146,1347,76077316,2014
25,52693,"Los Angeles",LA,91,91,25,91,,"Los Angeles",25,1146724,1184972091,2014
25,52694,"Los Angeles",LA,91,91,25,91,,"Los Angeles",25,1146724,1184972091,2014
25,52695,"Los Angeles",LA,91,91,25,91,,"Los Angeles",25,1146724,1184972091,2014
25,52696,"Los Angeles",LA,91,91,25,91,,"Los Angeles",25,1146724,1184972091,2014
25,52697,"Los Angeles",LA,91,91,25,91,,"Los Angeles",25,1146724,1184972091,2014
25,52698,"Los Angeles",LA,91,91,25,91,,"Los Angeles",25,1146724,1184972091,2014
25,52699,"Los Angeles",LA,91,91,25,91,,"Los Angeles",25,1146724,1184972091,2014
25,52700,"Los Angeles",LA,91,91,25,91,,"Los Angeles",25,1146724,1184972091,2014
25,52701,"Los Angeles",LA,91,91,25,91,,"Los Angeles",25,1146724,1184972091,2014
25,52702,"Los Angeles",LA,91,91,25,91,,"Los Angeles",25,1146724,1184972091,2014
25,52703,"Los Angeles",LA,91,91,25,91,,"Los Angeles",25,1146724,1184972091,2014
25,52704,"Los Angeles",LA,91,91,25,91,,"Los Angeles",25,1146724,1184972091,2014
25,52705,"Los Angeles",LA,91,91,25,91,,"Los Angeles",25,1146724,1184972091,2014
25,52706,"Los Angeles",LA,91,91,25,91,,"Los Angeles",25,1146724,1184972091,2014
25,52707,"Los Angeles",LA,91,91,25,91,,"Los Angeles",25,1146724,1184972091,2014
25,52708,"Los Angeles",LA,91,91,25,91,,"Los Angeles",25,1146724,1184972091,2014
25,52709,"Los Angeles",LA,91,91,25,91,,"Los Angeles",25,1146724,1184972091,2014
25,52710,"Los Angeles",LA,91,91,25,91,,"Los Angeles",25,1146724,1184972091,2014
25,52711,"Los Angeles",LA,91,91,25,91,,"Los Angeles",25,1146724,1184972091,2014
25,52712,"Los Angeles",LA,91,91,25,91,,"Los Angeles",25,1146724,1184972091,2014
25,52713,"Los Angeles",LA,91,91,25,91,,"Los Angeles",25,1146724,1184972091,2014
25,52714,"Los Angeles",LA,91,91,25,91,,"Los Angeles",25,1146724,1184972091,2014
2,53153,"Los Angeles",LA,101,101,2,101,,"Los Angeles",2,6982987,3319139379,2014
2,53154,"Los Angeles",LA,101,101,2,101,,"Los Angeles",2,6982987,3319139379,2014
2,53155,"Los Angeles",LA,101,101,2,101,,"Los Angeles",2,6982987,3319139379,2014
2,53156,"Los Angeles",LA,101,101,2,101,,"Los Angeles",2,6982987,3319139379,2014
2,53157,"Los Angeles",LA,101,101,2,101,,"Los Angeles",2,6982987,3319139379,2014
2,53158,"Los Angeles",LA,101,101,2,101,,"Los Angeles",2,6982987,3319139379,2014
2,53159,"Los Angeles",LA,101,101,2,101,,"Los Angeles",2,6982987,3319139379,2014
2,53160,"Los Angeles",LA,101,101,2,101,,"Los Angeles",2,6982987,3319139379,2014
2,53161,"Los Angeles",LA,101,101,2,101,,"Los Angeles",2,6982987,3319139379,2014
2,53162,"Los Angeles",LA,101,101,2,101,,"Los Angeles",2,6982987,3319139379,2014
2,53163,"Los Angeles",LA,101,101,2,101,,"Los Angeles",2,6982987,3319139379,2014
2,53164,"Los Angeles",LA,101,101,2,101,,"Los Angeles",2,6982987,3319139379,2014
2,53165,"Los Angeles",LA,101,101,2,101,,"Los Angeles",2,6982987,3319139379,2014
2,53166,"Los Angeles",LA,101,101,2,101,,"Los Angeles",2,6982987,3319139379,2014
2,53167,"Los Angeles",LA,101,101,2,101,,"Los Angeles",2,6982987,3319139379,2014
2,53168,"Los Angeles",LA,101,101,2,101,,"Los Angeles",2,6982987,3319139379,2014
2,53169,"Los Angeles",LA,101,101,2,101,,"Los Angeles",2,6982987,3319139379,2014
2,53170,"Los Angeles",LA,101,101,2,101,,"Los Angeles",2,6982987,3319139379,2014
2,53171,"Los Angeles",LA,101,101,2,101,,"Los Angeles",2,6982987,3319139379,2014
2,53172,"Los Angeles",LA,101,101,2,101,,"Los Angeles",2,6982987,3319139379,2014
2,53173,"Los Angeles",LA,101,101,2,101,,"Los Angeles",2,6982987,3319139379,2014
2,53174,"Los Angeles",LA,101,101,2,101,,"Los Angeles",2,6982987,3319139379,2014
2,53175,"Los Angeles",LA,101,101,2,101,,"Los Angeles",2,6982987,3319139379,2014
2,53176,"Los Angeles",LA,101,101,2,101,,"Los Angeles",2,6982987,3319139379,2014
2,53177,"Los Angeles",LA,101,101,2,101,,"Los Angeles",2,6982987,3319139379,2014
2,53178,"Los Angeles",LA,101,101,2,101,,"Los Angeles",2,6982987,3319139379,2014
2,53179,"Los Angeles",LA,101,101,2,101,,"Los Angeles",2,6982987,3319139379,2014
2,53180,"Los Angeles",LA,101,101,2,101,,"Los Angeles",2,6982987,3319139379,2014
2,53181,"Los Angeles",LA,101,101,2,101,,"Los Angeles",2,6982987,3319139379,2014
2,53182,"Los Angeles",LA,101,101,2,101,,"Los Angeles",2,6982987,3319139379,2014
2,53183,"Los Angeles",LA,101,101,2,101,,"Los Angeles",2,6982987,3319139379,2014
2,53184,"Los Angeles",LA,101,101,2,101,,"Los Angeles",2,6982987,3319139379,2014
2,53185,"Los Angeles",LA,101,101,2,101,,"Los Angeles",2,6982987,3319139379,2014
2,53186,"Los Angeles",LA,101,101,2,101,,"Los Angeles",2,6982987,3319139379,2014
2,53187,"Los Angeles",LA,101,101,2,101,,"Los Angeles",2,6982987,3319139379,2014
2,53188,"Los Angeles",LA,101,101,2,101,,"Los Angeles",2,6982987,3319139379,2014
2,53189,"Los Angeles",LA,101,101,2,101,,"Los Angeles",2,6982987,3319139379,2014
2,53190,"Los Angeles",LA,101,101,2,101,,"Los Angeles",2,6982987,3319139379,2014
2,53191,"Los Angeles",LA,101,101,2,101,,"Los Angeles",2,6982987,3319139379,2014
2,53192,"Los Angeles",LA,101,101,2,101,,"Los Angeles",2,6982987,3319139379,2014
2,53193,"Los Angeles",LA,101,101,2,101,,"Los Angeles",2,6982987,3319139379,2014
2,53194,"Los Angeles",LA,101,101,2,101,,"Los Angeles",2,6982987,3319139379,2014
2,53195,"Los Angeles",LA,101,101,2,101,,"Los Angeles",2,6982987,3319139379,2014
2,53196,"Los Angeles",LA,101,101,2,101,,"Los Angeles",2,6982987,3319139379,2014
2,53197,"Los Angeles",LA,101,101,2,101,,"Los Angeles",2,6982987,3319139379,2014
2,53198,"Los Angeles",LA,101,101,2,101,,"Los Angeles",2,6982987,3319139379,2014
2,53199,"Los Angeles",LA,101,101,2,101,,"Los Angeles",2,6982987,3319139379,2014
2,53200,"Los Angeles",LA,101,101,2,101,,"Los Angeles",2,6982987,3319139379,2014
2,53201,"Los Angeles",LA,101,101,2,101,,"Los Angeles",2,6982987,3319139379,2014
2,53202,"Los Angeles",LA,101,101,2,101,,"Los Angeles",2,6982987,3319139379,2014
2,53203,"Los Angeles",LA,101,101,2,101,,"Los Angeles",2,6982987,3319139379,2014
2,53204,"Los Angeles",LA,101,101,2,101,,"Los Angeles",2,6982987,3319139379,2014
2,53205,"Los Angeles",LA,101,101,2,101,,"Los Angeles",2,6982987,3319139379,2014
2,53206,"Los Angeles",LA,101,101,2,101,,"Los Angeles",2,6982987,3319139379,2014
2,53207,"Los Angeles",LA,101,101,2,101,,"Los Angeles",2,6982987,3319139379,2014
2,53208,"Los Angeles",LA,101,101,2,101,,"Los Angeles",2,6982987,3319139379,2014
2,53209,"Los Angeles",LA,101,101,2,101,,"Los Angeles",2,6982987,3319139379,2014
2,53210,"Los Angeles",LA,101,101,2,101,,"Los Angeles",2,6982987,3319139379,2014
2,53211,"Los Angeles",LA,101,101,2,101,,"Los Angeles",2,6982987,3319139379,2014
2,53212,"Los Angeles",LA,101,101,2,101,,"Los Angeles",2,6982987,3319139379,2014
15,53700,"Los Angeles",LA,105,105,15,105,,"Los Angeles",15,1935333,1230931033,2014
15,53701,"Los Angeles",LA,105,105,15,105,,"Los Angeles",15,1935333,1230931033,2014
15,53702,"Los Angeles",LA,105,105,15,105,,"Los Angeles",15,1935333,1230931033,2014
15,53703,"Los Angeles",LA,105,105,15,105,,"Los Angeles",15,1935333,1230931033,2014
15,53704,"Los Angeles",LA,105,105,15,105,,"Los Angeles",15,1935333,1230931033,2014
15,53705,"Los Angeles",LA,105,105,15,105,,"Los Angeles",15,1935333,1230931033,2014
15,53706,"Los Angeles",LA,105,105,15,105,,"Los Angeles",15,1935333,1230931033,2014
15,53707,"Los Angeles",LA,105,105,15,105,,"Los Angeles",15,1935333,1230931033,2014
15,53708,"Los Angeles",LA,105,105,15,105,,"Los Angeles",15,1935333,1230931033,2014
15,53709,"Los Angeles",LA,105,105,15,105,,"Los Angeles",15,1935333,1230931033,2014
15,53710,"Los Angeles",LA,105,105,15,105,,"Los Angeles",15,1935333,1230931033,2014
15,53711,"Los Angeles",LA,105,105,15,105,,"Los Angeles",15,1935333,1230931033,2014
15,53712,"Los Angeles",LA,105,105,15,105,,"Los Angeles",15,1935333,1230931033,2014
15,53713,"Los Angeles",LA,105,105,15,105,,"Los Angeles",15,1935333,1230931033,2014
15,53714,"Los Angeles",LA,105,105,15,105,,"Los Angeles",15,1935333,1230931033,2014
15,53715,"Los Angeles",LA,105,105,15,105,,"Los Angeles",15,1935333,1230931033,2014
15,53716,"Los Angeles",LA,105,105,15,105,,"Los Angeles",15,1935333,1230931033,2014
5,53763,"Los Angeles",LA,110,110,5,110,,"Los Angeles",5,3571110,2009237625,2014
5,53764,"Los Angeles",LA,110,110,5,110,,"Los Angeles",5,3571110,2009237625,2014
5,53765,"Los Angeles",LA,110,110,5,110,,"Los Angeles",5,3571110,2009237625,2014
5,53766,"Los Angeles",LA,110,110,5,110,,"Los Angeles",5,3571110,2009237625,2014
5,53767,"Los Angeles",LA,110,110,5,110,,"Los Angeles",5,3571110,2009237625,2014
5,53768,"Los Angeles",LA,110,110,5,110,,"Los Angeles",5,3571110,2009237625,2014
5,53769,"Los Angeles",LA,110,110,5,110,,"Los Angeles",5,3571110,2009237625,2014
5,53770,"Los Angeles",LA,110,110,5,110,,"Los Angeles",5,3571110,2009237625,2014
5,53771,"Los Angeles",LA,110,110,5,110,,"Los Angeles",5,3571110,2009237625,2014
5,53772,"Los Angeles",LA,110,110,5,110,,"Los Angeles",5,3571110,2009237625,2014
5,53773,"Los Angeles",LA,110,110,5,110,,"Los Angeles",5,3571110,2009237625,2014
5,53774,"Los Angeles",LA,110,110,5,110,,"Los Angeles",5,3571110,2009237625,2014
5,53775,"Los Angeles",LA,110,110,5,110,,"Los Angeles",5,3571110,2009237625,2014
5,53776,"Los Angeles",LA,110,110,5,110,,"Los Angeles",5,3571110,2009237625,2014
5,53777,"Los Angeles",LA,110,110,5,110,,"Los Angeles",5,3571110,2009237625,2014
5,53778,"Los Angeles",LA,110,110,5,110,,"Los Angeles",5,3571110,2009237625,2014
5,53779,"Los Angeles",LA,110,110,5,110,,"Los Angeles",5,3571110,2009237625,2014
5,53780,"Los Angeles",LA,110,110,5,110,,"Los Angeles",5,3571110,2009237625,2014
5,53781,"Los Angeles",LA,110,110,5,110,,"Los Angeles",5,3571110,2009237625,2014
5,53782,"Los Angeles",LA,110,110,5,110,,"Los Angeles",5,3571110,2009237625,2014
5,53783,"Los Angeles",LA,110,110,5,110,,"Los Angeles",5,3571110,2009237625,2014
5,53784,"Los Angeles",LA,110,110,5,110,,"Los Angeles",5,3571110,2009237625,2014
5,53785,"Los Angeles",LA,110,110,5,110,,"Los Angeles",5,3571110,2009237625,2014
5,53786,"Los Angeles",LA,110,110,5,110,,"Los Angeles",5,3571110,2009237625,2014
5,53787,"Los Angeles",LA,110,110,5,110,,"Los Angeles",5,3571110,2009237625,2014
5,53788,"Los Angeles",LA,110,110,5,110,,"Los Angeles",5,3571110,2009237625,2014
5,53789,"Los Angeles",LA,110,110,5,110,,"Los Angeles",5,3571110,2009237625,2014
5,53790,"Los Angeles",LA,110,110,5,110,,"Los Angeles",5,3571110,2009237625,2014
5,53791,"Los Angeles",LA,110,110,5,110,,"Los Angeles",5,3571110,2009237625,2014
5,53792,"Los Angeles",LA,110,110,5,110,,"Los Angeles",5,3571110,2009237625,2014
5,53793,"Los Angeles",LA,110,110,5,110,,"Los Angeles",5,3571110,2009237625,2014
5,53794,"Los Angeles",LA,110,110,5,110,,"Los Angeles",5,3571110,2009237625,2014
5,53795,"Los Angeles",LA,110,110,5,110,,"Los Angeles",5,3571110,2009237625,2014
5,53796,"Los Angeles",LA,110,110,5,110,,"Los Angeles",5,3571110,2009237625,2014
5,53797,"Los Angeles",LA,110,110,5,110,,"Los Angeles",5,3571110,2009237625,2014
5,53798,"Los Angeles",LA,110,110,5,110,,"Los Angeles",5,3571110,2009237625,2014
5,53799,"Los Angeles",LA,110,110,5,110,,"Los Angeles",5,3571110,2009237625,2014
5,53800,"Los Angeles",LA,110,110,5,110,,"Los Angeles",5,3571110,2009237625,2014
5,53801,"Los Angeles",LA,110,110,5,110,,"Los Angeles",5,3571110,2009237625,2014
5,53802,"Los Angeles",LA,110,110,5,110,,"Los Angeles",5,3571110,2009237625,2014
5,53803,"Los Angeles",LA,110,110,5,110,,"Los Angeles",5,3571110,2009237625,2014
5,53804,"Los Angeles",LA,110,110,5,110,,"Los Angeles",5,3571110,2009237625,2014
5,53805,"Los Angeles",LA,110,110,5,110,,"Los Angeles",5,3571110,2009237625,2014
5,53806,"Los Angeles",LA,110,110,5,110,,"Los Angeles",5,3571110,2009237625,2014
5,53807,"Los Angeles",LA,110,110,5,110,,"Los Angeles",5,3571110,2009237625,2014
58,53952,"Los Angeles",LA,118,118,58,118,,"Los Angeles",58,356451,933092353,2014
58,53953,"Los Angeles",LA,118,118,58,118,,"Los Angeles",58,356451,933092353,2014
58,53954,"Los Angeles",LA,118,118,58,118,,"Los Angeles",58,356451,933092353,2014
58,53955,"Los Angeles",LA,118,118,58,118,,"Los Angeles",58,356451,933092353,2014
58,53956,"Los Angeles",LA,118,118,58,118,,"Los Angeles",58,356451,933092353,2014
58,53957,"Los Angeles",LA,118,118,58,118,,"Los Angeles",58,356451,933092353,2014
58,53958,"Los Angeles",LA,118,118,58,118,,"Los Angeles",58,356451,933092353,2014
58,53959,"Los Angeles",LA,118,118,58,118,,"Los Angeles",58,356451,933092353,2014
58,53960,"Los Angeles",LA,118,118,58,118,,"Los Angeles",58,356451,933092353,2014
58,53961,"Los Angeles",LA,118,118,58,118,,"Los Angeles",58,356451,933092353,2014
58,53962,"Los Angeles",LA,118,118,58,118,,"Los Angeles",58,356451,933092353,2014
58,53963,"Los Angeles",LA,118,118,58,118,,"Los Angeles",58,356451,933092353,2014
58,53964,"Los Angeles",LA,118,118,58,118,,"Los Angeles",58,356451,933092353,2014
58,53965,"Los Angeles",LA,118,118,58,118,,"Los Angeles",58,356451,933092353,2014
58,53966,"Los Angeles",LA,118,118,58,118,,"Los Angeles",58,356451,933092353,2014
58,53967,"Los Angeles",LA,118,118,58,118,,"Los Angeles",58,356451,933092353,2014
58,53968,"Los Angeles",LA,118,118,58,118,,"Los Angeles",58,356451,933092353,2014
58,53969,"Los Angeles",LA,118,118,58,118,,"Los Angeles",58,356451,933092353,2014
58,53970,"Los Angeles",LA,118,118,58,118,,"Los Angeles",58,356451,933092353,2014
58,53971,"Los Angeles",LA,118,118,58,118,,"Los Angeles",58,356451,933092353,2014
31,54218,"Los Angeles",LA,134,134,31,134,,"Los Angeles",31,893589,966574158,2014
31,54219,"Los Angeles",LA,134,134,31,134,,"Los Angeles",31,893589,966574158,2014
31,54220,"Los Angeles",LA,134,134,31,134,,"Los Angeles",31,893589,966574158,2014
31,54221,"Los Angeles",LA,134,134,31,134,,"Los Angeles",31,893589,966574158,2014
31,54222,"Los Angeles",LA,134,134,31,134,,"Los Angeles",31,893589,966574158,2014
31,54223,"Los Angeles",LA,134,134,31,134,,"Los Angeles",31,893589,966574158,2014
31,54224,"Los Angeles",LA,134,134,31,134,,"Los Angeles",31,893589,966574158,2014
31,54225,"Los Angeles",LA,134,134,31,134,,"Los Angeles",31,893589,966574158,2014
31,54226,"Los Angeles",LA,134,134,31,134,,"Los Angeles",31,893589,966574158,2014
31,54227,"Los Angeles",LA,134,134,31,134,,"Los Angeles",31,893589,966574158,2014
31,54228,"Los Angeles",LA,134,134,31,134,,"Los Angeles",31,893589,966574158,2014
31,54229,"Los Angeles",LA,134,134,31,134,,"Los Angeles",31,893589,966574158,2014
31,54230,"Los Angeles",LA,134,134,31,134,,"Los Angeles",31,893589,966574158,2014
31,54231,"Los Angeles",LA,134,134,31,134,,"Los Angeles",31,893589,966574158,2014
31,54232,"Los Angeles",LA,134,134,31,134,,"Los Angeles",31,893589,966574158,2014
31,54233,"Los Angeles",LA,134,134,31,134,,"Los Angeles",31,893589,966574158,2014
31,54234,"Los Angeles",LA,134,134,31,134,,"Los Angeles",31,893589,966574158,2014
31,54235,"Los Angeles",LA,134,134,31,134,,"Los Angeles",31,893589,966574158,2014
31,54236,"Los Angeles",LA,134,134,31,134,,"Los Angeles",31,893589,966574158,2014
35,54706,"Los Angeles",LA,170,170,35,170,,"Los Angeles",35,787392,448853389,2014
35,54707,"Los Angeles",LA,170,170,35,170,,"Los Angeles",35,787392,448853389,2014
35,54708,"Los Angeles",LA,170,170,35,170,,"Los Angeles",35,787392,448853389,2014
35,54709,"Los Angeles",LA,170,170,35,170,,"Los Angeles",35,787392,448853389,2014
35,54710,"Los Angeles",LA,170,170,35,170,,"Los Angeles",35,787392,448853389,2014
35,54711,"Los Angeles",LA,170,170,35,170,,"Los Angeles",35,787392,448853389,2014
35,54712,"Los Angeles",LA,170,170,35,170,,"Los Angeles",35,787392,448853389,2014
35,54713,"Los Angeles",LA,170,170,35,170,,"Los Angeles",35,787392,448853389,2014
35,54714,"Los Angeles",LA,170,170,35,170,,"Los Angeles",35,787392,448853389,2014
35,54715,"Los Angeles",LA,170,170,35,170,,"Los Angeles",35,787392,448853389,2014
6,55047,"Los Angeles",LA,210,210,6,210,,"Los Angeles",6,3523563,3233553487,2014
6,55048,"Los Angeles",LA,210,210,6,210,,"Los Angeles",6,3523563,3233553487,2014
6,55049,"Los Angeles",LA,210,210,6,210,,"Los Angeles",6,3523563,3233553487,2014
6,55050,"Los Angeles",LA,210,210,6,210,,"Los Angeles",6,3523563,3233553487,2014
6,55051,"Los Angeles",LA,210,210,6,210,,"Los Angeles",6,3523563,3233553487,2014
6,55052,"Los Angeles",LA,210,210,6,210,,"Los Angeles",6,3523563,3233553487,2014
6,55053,"Los Angeles",LA,210,210,6,210,,"Los Angeles",6,3523563,3233553487,2014
6,55054,"Los Angeles",LA,210,210,6,210,,"Los Angeles",6,3523563,3233553487,2014
6,55055,"Los Angeles",LA,210,210,6,210,,"Los Angeles",6,3523563,3233553487,2014
6,55056,"Los Angeles",LA,210,210,6,210,,"Los Angeles",6,3523563,3233553487,2014
6,55057,"Los Angeles",LA,210,210,6,210,,"Los Angeles",6,3523563,3233553487,2014
6,55058,"Los Angeles",LA,210,210,6,210,,"Los Angeles",6,3523563,3233553487,2014
6,55059,"Los Angeles",LA,210,210,6,210,,"Los Angeles",6,3523563,3233553487,2014
6,55060,"Los Angeles",LA,210,210,6,210,,"Los Angeles",6,3523563,3233553487,2014
6,55061,"Los Angeles",LA,210,210,6,210,,"Los Angeles",6,3523563,3233553487,2014
6,55062,"Los Angeles",LA,210,210,6,210,,"Los Angeles",6,3523563,3233553487,2014
6,55063,"Los Angeles",LA,210,210,6,210,,"Los Angeles",6,3523563,3233553487,2014
6,55064,"Los Angeles",LA,210,210,6,210,,"Los Angeles",6,3523563,3233553487,2014
6,55065,"Los Angeles",LA,210,210,6,210,,"Los Angeles",6,3523563,3233553487,2014
6,55066,"Los Angeles",LA,210,210,6,210,,"Los Angeles",6,3523563,3233553487,2014
6,55067,"Los Angeles",LA,210,210,6,210,,"Los Angeles",6,3523563,3233553487,2014
6,55068,"Los Angeles",LA,210,210,6,210,,"Los Angeles",6,3523563,3233553487,2014
6,55069,"Los Angeles",LA,210,210,6,210,,"Los Angeles",6,3523563,3233553487,2014
6,55070,"Los Angeles",LA,210,210,6,210,,"Los Angeles",6,3523563,3233553487,2014
6,55071,"Los Angeles",LA,210,210,6,210,,"Los Angeles",6,3523563,3233553487,2014
6,55072,"Los Angeles",LA,210,210,6,210,,"Los Angeles",6,3523563,3233553487,2014
6,55073,"Los Angeles",LA,210,210,6,210,,"Los Angeles",6,3523563,3233553487,2014
6,55074,"Los Angeles",LA,210,210,6,210,,"Los Angeles",6,3523563,3233553487,2014
6,55075,"Los Angeles",LA,210,210,6,210,,"Los Angeles",6,3523563,3233553487,2014
6,55076,"Los Angeles",LA,210,210,6,210,,"Los Angeles",6,3523563,3233553487,2014
6,55077,"Los Angeles",LA,210,210,6,210,,"Los Angeles",6,3523563,3233553487,2014
6,55078,"Los Angeles",LA,210,210,6,210,,"Los Angeles",6,3523563,3233553487,2014
6,55079,"Los Angeles",LA,210,210,6,210,,"Los Angeles",6,3523563,3233553487,2014
6,55080,"Los Angeles",LA,210,210,6,210,,"Los Angeles",6,3523563,3233553487,2014
6,55081,"Los Angeles",LA,210,210,6,210,,"Los Angeles",6,3523563,3233553487,2014
6,55082,"Los Angeles",LA,210,210,6,210,,"Los Angeles",6,3523563,3233553487,2014
6,55083,"Los Angeles",LA,210,210,6,210,,"Los Angeles",6,3523563,3233553487,2014
6,55084,"Los Angeles",LA,210,210,6,210,,"Los Angeles",6,3523563,3233553487,2014
6,55085,"Los Angeles",LA,210,210,6,210,,"Los Angeles",6,3523563,3233553487,2014
6,55086,"Los Angeles",LA,210,210,6,210,,"Los Angeles",6,3523563,3233553487,2014
6,55087,"Los Angeles",LA,210,210,6,210,,"Los Angeles",6,3523563,3233553487,2014
6,55088,"Los Angeles",LA,210,210,6,210,,"Los Angeles",6,3523563,3233553487,2014
6,55089,"Los Angeles",LA,210,210,6,210,,"Los Angeles",6,3523563,3233553487,2014
6,55090,"Los Angeles",LA,210,210,6,210,,"Los Angeles",6,3523563,3233553487,2014
6,55091,"Los Angeles",LA,210,210,6,210,,"Los Angeles",6,3523563,3233553487,2014
6,55092,"Los Angeles",LA,210,210,6,210,,"Los Angeles",6,3523563,3233553487,2014
6,55093,"Los Angeles",LA,210,210,6,210,,"Los Angeles",6,3523563,3233553487,2014
6,55094,"Los Angeles",LA,210,210,6,210,,"Los Angeles",6,3523563,3233553487,2014
6,55095,"Los Angeles",LA,210,210,6,210,,"Los Angeles",6,3523563,3233553487,2014
6,55096,"Los Angeles",LA,210,210,6,210,,"Los Angeles",6,3523563,3233553487,2014
6,55097,"Los Angeles",LA,210,210,6,210,,"Los Angeles",6,3523563,3233553487,2014
1,55706,"Los Angeles",LA,405,405,1,405,,"Los Angeles",1,7967442,4334754273,2014
1,55707,"Los Angeles",LA,405,405,1,405,,"Los Angeles",1,7967442,4334754273,2014
1,55708,"Los Angeles",LA,405,405,1,405,,"Los Angeles",1,7967442,4334754273,2014
1,55709,"Los Angeles",LA,405,405,1,405,,"Los Angeles",1,7967442,4334754273,2014
1,55710,"Los Angeles",LA,405,405,1,405,,"Los Angeles",1,7967442,4334754273,2014
1,55711,"Los Angeles",LA,405,405,1,405,,"Los Angeles",1,7967442,4334754273,2014
1,55712,"Los Angeles",LA,405,405,1,405,,"Los Angeles",1,7967442,4334754273,2014
1,55713,"Los Angeles",LA,405,405,1,405,,"Los Angeles",1,7967442,4334754273,2014
1,55714,"Los Angeles",LA,405,405,1,405,,"Los Angeles",1,7967442,4334754273,2014
1,55715,"Los Angeles",LA,405,405,1,405,,"Los Angeles",1,7967442,4334754273,2014
1,55716,"Los Angeles",LA,405,405,1,405,,"Los Angeles",1,7967442,4334754273,2014
1,55717,"Los Angeles",LA,405,405,1,405,,"Los Angeles",1,7967442,4334754273,2014
1,55718,"Los Angeles",LA,405,405,1,405,,"Los Angeles",1,7967442,4334754273,2014
1,55719,"Los Angeles",LA,405,405,1,405,,"Los Angeles",1,7967442,4334754273,2014
1,55720,"Los Angeles",LA,405,405,1,405,,"Los Angeles",1,7967442,4334754273,2014
1,55721,"Los Angeles",LA,405,405,1,405,,"Los Angeles",1,7967442,4334754273,2014
1,55722,"Los Angeles",LA,405,405,1,405,,"Los Angeles",1,7967442,4334754273,2014
1,55723,"Los Angeles",LA,405,405,1,405,,"Los Angeles",1,7967442,4334754273,2014
1,55724,"Los Angeles",LA,405,405,1,405,,"Los Angeles",1,7967442,4334754273,2014
1,55725,"Los Angeles",LA,405,405,1,405,,"Los Angeles",1,7967442,4334754273,2014
1,55726,"Los Angeles",LA,405,405,1,405,,"Los Angeles",1,7967442,4334754273,2014
1,55727,"Los Angeles",LA,405,405,1,405,,"Los Angeles",1,7967442,4334754273,2014
1,55728,"Los Angeles",LA,405,405,1,405,,"Los Angeles",1,7967442,4334754273,2014
1,55729,"Los Angeles",LA,405,405,1,405,,"Los Angeles",1,7967442,4334754273,2014
1,55730,"Los Angeles",LA,405,405,1,405,,"Los Angeles",1,7967442,4334754273,2014
1,55731,"Los Angeles",LA,405,405,1,405,,"Los Angeles",1,7967442,4334754273,2014
1,55732,"Los Angeles",LA,405,405,1,405,,"Los Angeles",1,7967442,4334754273,2014
1,55733,"Los Angeles",LA,405,405,1,405,,"Los Angeles",1,7967442,4334754273,2014
1,55734,"Los Angeles",LA,405,405,1,405,,"Los Angeles",1,7967442,4334754273,2014
1,55735,"Los Angeles",LA,405,405,1,405,,"Los Angeles",1,7967442,4334754273,2014
1,55736,"Los Angeles",LA,405,405,1,405,,"Los Angeles",1,7967442,4334754273,2014
1,55737,"Los Angeles",LA,405,405,1,405,,"Los Angeles",1,7967442,4334754273,2014
1,55738,"Los Angeles",LA,405,405,1,405,,"Los Angeles",1,7967442,4334754273,2014
1,55739,"Los Angeles",LA,405,405,1,405,,"Los Angeles",1,7967442,4334754273,2014
1,55740,"Los Angeles",LA,405,405,1,405,,"Los Angeles",1,7967442,4334754273,2014
1,55741,"Los Angeles",LA,405,405,1,405,,"Los Angeles",1,7967442,4334754273,2014
1,55742,"Los Angeles",LA,405,405,1,405,,"Los Angeles",1,7967442,4334754273,2014
1,55743,"Los Angeles",LA,405,405,1,405,,"Los Angeles",1,7967442,4334754273,2014
1,55744,"Los Angeles",LA,405,405,1,405,,"Los Angeles",1,7967442,4334754273,2014
1,55745,"Los Angeles",LA,405,405,1,405,,"Los Angeles",1,7967442,4334754273,2014
1,55746,"Los Angeles",LA,405,405,1,405,,"Los Angeles",1,7967442,4334754273,2014
1,55747,"Los Angeles",LA,405,405,1,405,,"Los Angeles",1,7967442,4334754273,2014
1,55748,"Los Angeles",LA,405,405,1,405,,"Los Angeles",1,7967442,4334754273,2014
1,55749,"Los Angeles",LA,405,405,1,405,,"Los Angeles",1,7967442,4334754273,2014
1,55750,"Los Angeles",LA,405,405,1,405,,"Los Angeles",1,7967442,4334754273,2014
1,55751,"Los Angeles",LA,405,405,1,405,,"Los Angeles",1,7967442,4334754273,2014
1,55752,"Los Angeles",LA,405,405,1,405,,"Los Angeles",1,7967442,4334754273,2014
1,55753,"Los Angeles",LA,405,405,1,405,,"Los Angeles",1,7967442,4334754273,2014
1,55754,"Los Angeles",LA,405,405,1,405,,"Los Angeles",1,7967442,4334754273,2014
1,55755,"Los Angeles",LA,405,405,1,405,,"Los Angeles",1,7967442,4334754273,2014
1,55756,"Los Angeles",LA,405,405,1,405,,"Los Angeles",1,7967442,4334754273,2014
10,55850,"Los Angeles",LA,605,605,10,605,,"Los Angeles",10,2413984,2005853428,2014
10,55851,"Los Angeles",LA,605,605,10,605,,"Los Angeles",10,2413984,2005853428,2014
10,55852,"Los Angeles",LA,605,605,10,605,,"Los Angeles",10,2413984,2005853428,2014
10,55853,"Los Angeles",LA,605,605,10,605,,"Los Angeles",10,2413984,2005853428,2014
10,55854,"Los Angeles",LA,605,605,10,605,,"Los Angeles",10,2413984,2005853428,2014
10,55855,"Los Angeles",LA,605,605,10,605,,"Los Angeles",10,2413984,2005853428,2014
10,55856,"Los Angeles",LA,605,605,10,605,,"Los Angeles",10,2413984,2005853428,2014
10,55857,"Los Angeles",LA,605,605,10,605,,"Los Angeles",10,2413984,2005853428,2014
10,55858,"Los Angeles",LA,605,605,10,605,,"Los Angeles",10,2413984,2005853428,2014
10,55859,"Los Angeles",LA,605,605,10,605,,"Los Angeles",10,2413984,2005853428,2014
10,55860,"Los Angeles",LA,605,605,10,605,,"Los Angeles",10,2413984,2005853428,2014
10,55861,"Los Angeles",LA,605,605,10,605,,"Los Angeles",10,2413984,2005853428,2014
10,55862,"Los Angeles",LA,605,605,10,605,,"Los Angeles",10,2413984,2005853428,2014
10,55863,"Los Angeles",LA,605,605,10,605,,"Los Angeles",10,2413984,2005853428,2014
10,55864,"Los Angeles",LA,605,605,10,605,,"Los Angeles",10,2413984,2005853428,2014
10,55865,"Los Angeles",LA,605,605,10,605,,"Los Angeles",10,2413984,2005853428,2014
10,55866,"Los Angeles",LA,605,605,10,605,,"Los Angeles",10,2413984,2005853428,2014
10,55867,"Los Angeles",LA,605,605,10,605,,"Los Angeles",10,2413984,2005853428,2014
10,55868,"Los Angeles",LA,605,605,10,605,,"Los Angeles",10,2413984,2005853428,2014
10,55869,"Los Angeles",LA,605,605,10,605,,"Los Angeles",10,2413984,2005853428,2014
10,55870,"Los Angeles",LA,605,605,10,605,,"Los Angeles",10,2413984,2005853428,2014
10,55871,"Los Angeles",LA,605,605,10,605,,"Los Angeles",10,2413984,2005853428,2014
10,55872,"Los Angeles",LA,605,605,10,605,,"Los Angeles",10,2413984,2005853428,2014
10,55873,"Los Angeles",LA,605,605,10,605,,"Los Angeles",10,2413984,2005853428,2014
10,55874,"Los Angeles",LA,605,605,10,605,,"Los Angeles",10,2413984,2005853428,2014
27,55940,"Los Angeles",LA,710,710,27,710,,"Los Angeles",27,1097277,1226823922,2014
27,55941,"Los Angeles",LA,710,710,27,710,,"Los Angeles",27,1097277,1226823922,2014
27,55942,"Los Angeles",LA,710,710,27,710,,"Los Angeles",27,1097277,1226823922,2014
27,55943,"Los Angeles",LA,710,710,27,710,,"Los Angeles",27,1097277,1226823922,2014
27,55944,"Los Angeles",LA,710,710,27,710,,"Los Angeles",27,1097277,1226823922,2014
27,55945,"Los Angeles",LA,710,710,27,710,,"Los Angeles",27,1097277,1226823922,2014
27,55946,"Los Angeles",LA,710,710,27,710,,"Los Angeles",27,1097277,1226823922,2014
27,55947,"Los Angeles",LA,710,710,27,710,,"Los Angeles",27,1097277,1226823922,2014
27,55948,"Los Angeles",LA,710,710,27,710,,"Los Angeles",27,1097277,1226823922,2014
27,55949,"Los Angeles",LA,710,710,27,710,,"Los Angeles",27,1097277,1226823922,2014
27,55950,"Los Angeles",LA,710,710,27,710,,"Los Angeles",27,1097277,1226823922,2014
27,55951,"Los Angeles",LA,710,710,27,710,,"Los Angeles",27,1097277,1226823922,2014
27,55952,"Los Angeles",LA,710,710,27,710,,"Los Angeles",27,1097277,1226823922,2014
27,55953,"Los Angeles",LA,710,710,27,710,,"Los Angeles",27,1097277,1226823922,2014
27,55954,"Los Angeles",LA,710,710,27,710,,"Los Angeles",27,1097277,1226823922,2014
27,55955,"Los Angeles",LA,710,710,27,710,,"Los Angeles",27,1097277,1226823922,2014
27,55956,"Los Angeles",LA,710,710,27,710,,"Los Angeles",27,1097277,1226823922,2014
27,55957,"Los Angeles",LA,710,710,27,710,,"Los Angeles",27,1097277,1226823922,2014
27,55958,"Los Angeles",LA,710,710,27,710,,"Los Angeles",27,1097277,1226823922,2014
27,55959,"Los Angeles",LA,710,710,27,710,,"Los Angeles",27,1097277,1226823922,2014
27,55960,"Los Angeles",LA,710,710,27,710,,"Los Angeles",27,1097277,1226823922,2014
27,55961,"Los Angeles",LA,710,710,27,710,,"Los Angeles",27,1097277,1226823922,2014
27,55962,"Los Angeles",LA,710,710,27,710,,"Los Angeles",27,1097277,1226823922,2014
27,55963,"Los Angeles",LA,710,710,27,710,,"Los Angeles",27,1097277,1226823922,2014
27,55964,"Los Angeles",LA,710,710,27,710,,"Los Angeles",27,1097277,1226823922,2014
27,55965,"Los Angeles",LA,710,710,27,710,,"Los Angeles",27,1097277,1226823922,2014
27,55966,"Los Angeles",LA,710,710,27,710,,"Los Angeles",27,1097277,1226823922,2014
27,55967,"Los Angeles",LA,710,710,27,710,,"Los Angeles",27,1097277,1226823922,2014
27,55968,"Los Angeles",LA,710,710,27,710,,"Los Angeles",27,1097277,1226823922,2014
27,55969,"Los Angeles",LA,710,710,27,710,,"Los Angeles",27,1097277,1226823922,2014
27,55970,"Los Angeles",LA,710,710,27,710,,"Los Angeles",27,1097277,1226823922,2014
241,56362,"Los Angeles",LA,2,2,241,2,,"Los Angeles",76,223,440,2015
241,56363,"Los Angeles",LA,2,2,241,2,,"Los Angeles",76,223,440,2015
241,56364,"Los Angeles",LA,2,2,241,2,,"Los Angeles",76,223,440,2015
241,56365,"Los Angeles",LA,2,2,241,2,,"Los Angeles",76,223,440,2015
241,56366,"Los Angeles",LA,2,2,241,2,,"Los Angeles",76,223,440,2015
241,56367,"Los Angeles",LA,2,2,241,2,,"Los Angeles",76,223,440,2015
241,56368,"Los Angeles",LA,2,2,241,2,,"Los Angeles",76,223,440,2015
241,56369,"Los Angeles",LA,2,2,241,2,,"Los Angeles",76,223,440,2015
241,56370,"Los Angeles",LA,2,2,241,2,,"Los Angeles",76,223,440,2015
241,56371,"Los Angeles",LA,2,2,241,2,,"Los Angeles",76,223,440,2015
241,56372,"Los Angeles",LA,2,2,241,2,,"Los Angeles",76,223,440,2015
241,56373,"Los Angeles",LA,2,2,241,2,,"Los Angeles",76,223,440,2015
241,56374,"Los Angeles",LA,2,2,241,2,,"Los Angeles",76,223,440,2015
241,56375,"Los Angeles",LA,2,2,241,2,,"Los Angeles",76,223,440,2015
241,56376,"Los Angeles",LA,2,2,241,2,,"Los Angeles",76,223,440,2015
241,56377,"Los Angeles",LA,2,2,241,2,,"Los Angeles",76,223,440,2015
241,56378,"Los Angeles",LA,2,2,241,2,,"Los Angeles",76,223,440,2015
241,56379,"Los Angeles",LA,2,2,241,2,,"Los Angeles",76,223,440,2015
241,56380,"Los Angeles",LA,2,2,241,2,,"Los Angeles",76,223,440,2015
241,56381,"Los Angeles",LA,2,2,241,2,,"Los Angeles",76,223,440,2015
241,56382,"Los Angeles",LA,2,2,241,2,,"Los Angeles",76,223,440,2015
241,56383,"Los Angeles",LA,2,2,241,2,,"Los Angeles",76,223,440,2015
241,56384,"Los Angeles",LA,2,2,241,2,,"Los Angeles",76,223,440,2015
241,56385,"Los Angeles",LA,2,2,241,2,,"Los Angeles",76,223,440,2015
241,56386,"Los Angeles",LA,2,2,241,2,,"Los Angeles",76,223,440,2015
241,56387,"Los Angeles",LA,2,2,241,2,,"Los Angeles",76,223,440,2015
241,56388,"Los Angeles",LA,2,2,241,2,,"Los Angeles",76,223,440,2015
241,56389,"Los Angeles",LA,2,2,241,2,,"Los Angeles",76,223,440,2015
241,56390,"Los Angeles",LA,2,2,241,2,,"Los Angeles",76,223,440,2015
241,56391,"Los Angeles",LA,2,2,241,2,,"Los Angeles",76,223,440,2015
241,56392,"Los Angeles",LA,2,2,241,2,,"Los Angeles",76,223,440,2015
241,56393,"Los Angeles",LA,2,2,241,2,,"Los Angeles",76,223,440,2015
169,56625,"Los Angeles",LA,5,5,169,5,,"Los Angeles",4,5,4,2015
169,56626,"Los Angeles",LA,5,5,169,5,,"Los Angeles",4,5,4,2015
169,56627,"Los Angeles",LA,5,5,169,5,,"Los Angeles",4,5,4,2015
169,56628,"Los Angeles",LA,5,5,169,5,,"Los Angeles",4,5,4,2015
169,56629,"Los Angeles",LA,5,5,169,5,,"Los Angeles",4,5,4,2015
169,56630,"Los Angeles",LA,5,5,169,5,,"Los Angeles",4,5,4,2015
169,56631,"Los Angeles",LA,5,5,169,5,,"Los Angeles",4,5,4,2015
169,56632,"Los Angeles",LA,5,5,169,5,,"Los Angeles",4,5,4,2015
169,56633,"Los Angeles",LA,5,5,169,5,,"Los Angeles",4,5,4,2015
169,56634,"Los Angeles",LA,5,5,169,5,,"Los Angeles",4,5,4,2015
169,56635,"Los Angeles",LA,5,5,169,5,,"Los Angeles",4,5,4,2015
169,56636,"Los Angeles",LA,5,5,169,5,,"Los Angeles",4,5,4,2015
169,56637,"Los Angeles",LA,5,5,169,5,,"Los Angeles",4,5,4,2015
169,56638,"Los Angeles",LA,5,5,169,5,,"Los Angeles",4,5,4,2015
169,56639,"Los Angeles",LA,5,5,169,5,,"Los Angeles",4,5,4,2015
169,56640,"Los Angeles",LA,5,5,169,5,,"Los Angeles",4,5,4,2015
169,56641,"Los Angeles",LA,5,5,169,5,,"Los Angeles",4,5,4,2015
169,56642,"Los Angeles",LA,5,5,169,5,,"Los Angeles",4,5,4,2015
169,56643,"Los Angeles",LA,5,5,169,5,,"Los Angeles",4,5,4,2015
169,56644,"Los Angeles",LA,5,5,169,5,,"Los Angeles",4,5,4,2015
169,56645,"Los Angeles",LA,5,5,169,5,,"Los Angeles",4,5,4,2015
169,56646,"Los Angeles",LA,5,5,169,5,,"Los Angeles",4,5,4,2015
169,56647,"Los Angeles",LA,5,5,169,5,,"Los Angeles",4,5,4,2015
169,56648,"Los Angeles",LA,5,5,169,5,,"Los Angeles",4,5,4,2015
169,56649,"Los Angeles",LA,5,5,169,5,,"Los Angeles",4,5,4,2015
169,56650,"Los Angeles",LA,5,5,169,5,,"Los Angeles",4,5,4,2015
169,56651,"Los Angeles",LA,5,5,169,5,,"Los Angeles",4,5,4,2015
169,56652,"Los Angeles",LA,5,5,169,5,,"Los Angeles",4,5,4,2015
169,56653,"Los Angeles",LA,5,5,169,5,,"Los Angeles",4,5,4,2015
169,56654,"Los Angeles",LA,5,5,169,5,,"Los Angeles",4,5,4,2015
169,56655,"Los Angeles",LA,5,5,169,5,,"Los Angeles",4,5,4,2015
169,56656,"Los Angeles",LA,5,5,169,5,,"Los Angeles",4,5,4,2015
169,56657,"Los Angeles",LA,5,5,169,5,,"Los Angeles",4,5,4,2015
169,56658,"Los Angeles",LA,5,5,169,5,,"Los Angeles",4,5,4,2015
169,56659,"Los Angeles",LA,5,5,169,5,,"Los Angeles",4,5,4,2015
169,56660,"Los Angeles",LA,5,5,169,5,,"Los Angeles",4,5,4,2015
169,56661,"Los Angeles",LA,5,5,169,5,,"Los Angeles",4,5,4,2015
169,56662,"Los Angeles",LA,5,5,169,5,,"Los Angeles",4,5,4,2015
169,56663,"Los Angeles",LA,5,5,169,5,,"Los Angeles",4,5,4,2015
169,56664,"Los Angeles",LA,5,5,169,5,,"Los Angeles",4,5,4,2015
169,56665,"Los Angeles",LA,5,5,169,5,,"Los Angeles",4,5,4,2015
169,56666,"Los Angeles",LA,5,5,169,5,,"Los Angeles",4,5,4,2015
169,56667,"Los Angeles",LA,5,5,169,5,,"Los Angeles",4,5,4,2015
169,56668,"Los Angeles",LA,5,5,169,5,,"Los Angeles",4,5,4,2015
169,56669,"Los Angeles",LA,5,5,169,5,,"Los Angeles",4,5,4,2015
169,56670,"Los Angeles",LA,5,5,169,5,,"Los Angeles",4,5,4,2015
169,56671,"Los Angeles",LA,5,5,169,5,,"Los Angeles",4,5,4,2015
169,56672,"Los Angeles",LA,5,5,169,5,,"Los Angeles",4,5,4,2015
169,56673,"Los Angeles",LA,5,5,169,5,,"Los Angeles",4,5,4,2015
169,56674,"Los Angeles",LA,5,5,169,5,,"Los Angeles",4,5,4,2015
169,56675,"Los Angeles",LA,5,5,169,5,,"Los Angeles",4,5,4,2015
169,56676,"Los Angeles",LA,5,5,169,5,,"Los Angeles",4,5,4,2015
169,56677,"Los Angeles",LA,5,5,169,5,,"Los Angeles",4,5,4,2015
169,56678,"Los Angeles",LA,5,5,169,5,,"Los Angeles",4,5,4,2015
169,56679,"Los Angeles",LA,5,5,169,5,,"Los Angeles",4,5,4,2015
169,56680,"Los Angeles",LA,5,5,169,5,,"Los Angeles",4,5,4,2015
169,56681,"Los Angeles",LA,5,5,169,5,,"Los Angeles",4,5,4,2015
169,56682,"Los Angeles",LA,5,5,169,5,,"Los Angeles",4,5,4,2015
169,56683,"Los Angeles",LA,5,5,169,5,,"Los Angeles",4,5,4,2015
169,56684,"Los Angeles",LA,5,5,169,5,,"Los Angeles",4,5,4,2015
169,56685,"Los Angeles",LA,5,5,169,5,,"Los Angeles",4,5,4,2015
169,56686,"Los Angeles",LA,5,5,169,5,,"Los Angeles",4,5,4,2015
169,56687,"Los Angeles",LA,5,5,169,5,,"Los Angeles",4,5,4,2015
169,56688,"Los Angeles",LA,5,5,169,5,,"Los Angeles",4,5,4,2015
169,56689,"Los Angeles",LA,5,5,169,5,,"Los Angeles",4,5,4,2015
169,56690,"Los Angeles",LA,5,5,169,5,,"Los Angeles",4,5,4,2015
169,56691,"Los Angeles",LA,5,5,169,5,,"Los Angeles",4,5,4,2015
169,56692,"Los Angeles",LA,5,5,169,5,,"Los Angeles",4,5,4,2015
169,56693,"Los Angeles",LA,5,5,169,5,,"Los Angeles",4,5,4,2015
169,56694,"Los Angeles",LA,5,5,169,5,,"Los Angeles",4,5,4,2015
169,56695,"Los Angeles",LA,5,5,169,5,,"Los Angeles",4,5,4,2015
169,56696,"Los Angeles",LA,5,5,169,5,,"Los Angeles",4,5,4,2015
169,56697,"Los Angeles",LA,5,5,169,5,,"Los Angeles",4,5,4,2015
169,56698,"Los Angeles",LA,5,5,169,5,,"Los Angeles",4,5,4,2015
169,56699,"Los Angeles",LA,5,5,169,5,,"Los Angeles",4,5,4,2015
169,56700,"Los Angeles",LA,5,5,169,5,,"Los Angeles",4,5,4,2015
169,56701,"Los Angeles",LA,5,5,169,5,,"Los Angeles",4,5,4,2015
169,56702,"Los Angeles",LA,5,5,169,5,,"Los Angeles",4,5,4,2015
169,56703,"Los Angeles",LA,5,5,169,5,,"Los Angeles",4,5,4,2015
169,56704,"Los Angeles",LA,5,5,169,5,,"Los Angeles",4,5,4,2015
169,56705,"Los Angeles",LA,5,5,169,5,,"Los Angeles",4,5,4,2015
169,56706,"Los Angeles",LA,5,5,169,5,,"Los Angeles",4,5,4,2015
167,57041,"Los Angeles",LA,10,10,167,10,,"Los Angeles",2,7,3,2015
167,57042,"Los Angeles",LA,10,10,167,10,,"Los Angeles",2,7,3,2015
167,57043,"Los Angeles",LA,10,10,167,10,,"Los Angeles",2,7,3,2015
167,57044,"Los Angeles",LA,10,10,167,10,,"Los Angeles",2,7,3,2015
167,57045,"Los Angeles",LA,10,10,167,10,,"Los Angeles",2,7,3,2015
167,57046,"Los Angeles",LA,10,10,167,10,,"Los Angeles",2,7,3,2015
167,57047,"Los Angeles",LA,10,10,167,10,,"Los Angeles",2,7,3,2015
167,57048,"Los Angeles",LA,10,10,167,10,,"Los Angeles",2,7,3,2015
167,57049,"Los Angeles",LA,10,10,167,10,,"Los Angeles",2,7,3,2015
167,57050,"Los Angeles",LA,10,10,167,10,,"Los Angeles",2,7,3,2015
167,57051,"Los Angeles",LA,10,10,167,10,,"Los Angeles",2,7,3,2015
167,57052,"Los Angeles",LA,10,10,167,10,,"Los Angeles",2,7,3,2015
167,57053,"Los Angeles",LA,10,10,167,10,,"Los Angeles",2,7,3,2015
167,57054,"Los Angeles",LA,10,10,167,10,,"Los Angeles",2,7,3,2015
167,57055,"Los Angeles",LA,10,10,167,10,,"Los Angeles",2,7,3,2015
167,57056,"Los Angeles",LA,10,10,167,10,,"Los Angeles",2,7,3,2015
167,57057,"Los Angeles",LA,10,10,167,10,,"Los Angeles",2,7,3,2015
167,57058,"Los Angeles",LA,10,10,167,10,,"Los Angeles",2,7,3,2015
167,57059,"Los Angeles",LA,10,10,167,10,,"Los Angeles",2,7,3,2015
167,57060,"Los Angeles",LA,10,10,167,10,,"Los Angeles",2,7,3,2015
167,57061,"Los Angeles",LA,10,10,167,10,,"Los Angeles",2,7,3,2015
167,57062,"Los Angeles",LA,10,10,167,10,,"Los Angeles",2,7,3,2015
167,57063,"Los Angeles",LA,10,10,167,10,,"Los Angeles",2,7,3,2015
167,57064,"Los Angeles",LA,10,10,167,10,,"Los Angeles",2,7,3,2015
167,57065,"Los Angeles",LA,10,10,167,10,,"Los Angeles",2,7,3,2015
167,57066,"Los Angeles",LA,10,10,167,10,,"Los Angeles",2,7,3,2015
167,57067,"Los Angeles",LA,10,10,167,10,,"Los Angeles",2,7,3,2015
167,57068,"Los Angeles",LA,10,10,167,10,,"Los Angeles",2,7,3,2015
167,57069,"Los Angeles",LA,10,10,167,10,,"Los Angeles",2,7,3,2015
167,57070,"Los Angeles",LA,10,10,167,10,,"Los Angeles",2,7,3,2015
167,57071,"Los Angeles",LA,10,10,167,10,,"Los Angeles",2,7,3,2015
167,57072,"Los Angeles",LA,10,10,167,10,,"Los Angeles",2,7,3,2015
167,57073,"Los Angeles",LA,10,10,167,10,,"Los Angeles",2,7,3,2015
167,57074,"Los Angeles",LA,10,10,167,10,,"Los Angeles",2,7,3,2015
167,57075,"Los Angeles",LA,10,10,167,10,,"Los Angeles",2,7,3,2015
167,57076,"Los Angeles",LA,10,10,167,10,,"Los Angeles",2,7,3,2015
167,57077,"Los Angeles",LA,10,10,167,10,,"Los Angeles",2,7,3,2015
167,57078,"Los Angeles",LA,10,10,167,10,,"Los Angeles",2,7,3,2015
167,57079,"Los Angeles",LA,10,10,167,10,,"Los Angeles",2,7,3,2015
167,57080,"Los Angeles",LA,10,10,167,10,,"Los Angeles",2,7,3,2015
167,57081,"Los Angeles",LA,10,10,167,10,,"Los Angeles",2,7,3,2015
167,57082,"Los Angeles",LA,10,10,167,10,,"Los Angeles",2,7,3,2015
167,57083,"Los Angeles",LA,10,10,167,10,,"Los Angeles",2,7,3,2015
167,57084,"Los Angeles",LA,10,10,167,10,,"Los Angeles",2,7,3,2015
167,57085,"Los Angeles",LA,10,10,167,10,,"Los Angeles",2,7,3,2015
167,57086,"Los Angeles",LA,10,10,167,10,,"Los Angeles",2,7,3,2015
167,57087,"Los Angeles",LA,10,10,167,10,,"Los Angeles",2,7,3,2015
167,57088,"Los Angeles",LA,10,10,167,10,,"Los Angeles",2,7,3,2015
167,57089,"Los Angeles",LA,10,10,167,10,,"Los Angeles",2,7,3,2015
167,57090,"Los Angeles",LA,10,10,167,10,,"Los Angeles",2,7,3,2015
167,57091,"Los Angeles",LA,10,10,167,10,,"Los Angeles",2,7,3,2015
167,57092,"Los Angeles",LA,10,10,167,10,,"Los Angeles",2,7,3,2015
167,57093,"Los Angeles",LA,10,10,167,10,,"Los Angeles",2,7,3,2015
167,57094,"Los Angeles",LA,10,10,167,10,,"Los Angeles",2,7,3,2015
167,57095,"Los Angeles",LA,10,10,167,10,,"Los Angeles",2,7,3,2015
167,57096,"Los Angeles",LA,10,10,167,10,,"Los Angeles",2,7,3,2015
167,57097,"Los Angeles",LA,10,10,167,10,,"Los Angeles",2,7,3,2015
167,57098,"Los Angeles",LA,10,10,167,10,,"Los Angeles",2,7,3,2015
167,57099,"Los Angeles",LA,10,10,167,10,,"Los Angeles",2,7,3,2015
167,57100,"Los Angeles",LA,10,10,167,10,,"Los Angeles",2,7,3,2015
167,57101,"Los Angeles",LA,10,10,167,10,,"Los Angeles",2,7,3,2015
167,57102,"Los Angeles",LA,10,10,167,10,,"Los Angeles",2,7,3,2015
167,57103,"Los Angeles",LA,10,10,167,10,,"Los Angeles",2,7,3,2015
167,57104,"Los Angeles",LA,10,10,167,10,,"Los Angeles",2,7,3,2015
167,57105,"Los Angeles",LA,10,10,167,10,,"Los Angeles",2,7,3,2015
167,57106,"Los Angeles",LA,10,10,167,10,,"Los Angeles",2,7,3,2015
167,57107,"Los Angeles",LA,10,10,167,10,,"Los Angeles",2,7,3,2015
219,57284,"Los Angeles",LA,14,14,219,14,,"Los Angeles",54,551,1,2015
219,57285,"Los Angeles",LA,14,14,219,14,,"Los Angeles",54,551,1,2015
219,57286,"Los Angeles",LA,14,14,219,14,,"Los Angeles",54,551,1,2015
219,57287,"Los Angeles",LA,14,14,219,14,,"Los Angeles",54,551,1,2015
219,57288,"Los Angeles",LA,14,14,219,14,,"Los Angeles",54,551,1,2015
219,57289,"Los Angeles",LA,14,14,219,14,,"Los Angeles",54,551,1,2015
219,57290,"Los Angeles",LA,14,14,219,14,,"Los Angeles",54,551,1,2015
219,57291,"Los Angeles",LA,14,14,219,14,,"Los Angeles",54,551,1,2015
219,57292,"Los Angeles",LA,14,14,219,14,,"Los Angeles",54,551,1,2015
219,57293,"Los Angeles",LA,14,14,219,14,,"Los Angeles",54,551,1,2015
219,57294,"Los Angeles",LA,14,14,219,14,,"Los Angeles",54,551,1,2015
219,57295,"Los Angeles",LA,14,14,219,14,,"Los Angeles",54,551,1,2015
219,57296,"Los Angeles",LA,14,14,219,14,,"Los Angeles",54,551,1,2015
219,57297,"Los Angeles",LA,14,14,219,14,,"Los Angeles",54,551,1,2015
219,57298,"Los Angeles",LA,14,14,219,14,,"Los Angeles",54,551,1,2015
219,57299,"Los Angeles",LA,14,14,219,14,,"Los Angeles",54,551,1,2015
219,57300,"Los Angeles",LA,14,14,219,14,,"Los Angeles",54,551,1,2015
219,57301,"Los Angeles",LA,14,14,219,14,,"Los Angeles",54,551,1,2015
219,57302,"Los Angeles",LA,14,14,219,14,,"Los Angeles",54,551,1,2015
219,57303,"Los Angeles",LA,14,14,219,14,,"Los Angeles",54,551,1,2015
219,57304,"Los Angeles",LA,14,14,219,14,,"Los Angeles",54,551,1,2015
219,57305,"Los Angeles",LA,14,14,219,14,,"Los Angeles",54,551,1,2015
219,57306,"Los Angeles",LA,14,14,219,14,,"Los Angeles",54,551,1,2015
219,57307,"Los Angeles",LA,14,14,219,14,,"Los Angeles",54,551,1,2015
219,57308,"Los Angeles",LA,14,14,219,14,,"Los Angeles",54,551,1,2015
219,57309,"Los Angeles",LA,14,14,219,14,,"Los Angeles",54,551,1,2015
219,57310,"Los Angeles",LA,14,14,219,14,,"Los Angeles",54,551,1,2015
219,57311,"Los Angeles",LA,14,14,219,14,,"Los Angeles",54,551,1,2015
219,57312,"Los Angeles",LA,14,14,219,14,,"Los Angeles",54,551,1,2015
219,57313,"Los Angeles",LA,14,14,219,14,,"Los Angeles",54,551,1,2015
219,57314,"Los Angeles",LA,14,14,219,14,,"Los Angeles",54,551,1,2015
295,58300,"Los Angeles",LA,47,47,295,47,,"Los Angeles",130,11,66,2015
295,58301,"Los Angeles",LA,47,47,295,47,,"Los Angeles",130,11,66,2015
295,58302,"Los Angeles",LA,47,47,295,47,,"Los Angeles",130,11,66,2015
295,58303,"Los Angeles",LA,47,47,295,47,,"Los Angeles",130,11,66,2015
295,58304,"Los Angeles",LA,47,47,295,47,,"Los Angeles",130,11,66,2015
295,58305,"Los Angeles",LA,47,47,295,47,,"Los Angeles",130,11,66,2015
187,58598,"Los Angeles",LA,57,57,187,57,,"Los Angeles",22,1,762,2015
187,58599,"Los Angeles",LA,57,57,187,57,,"Los Angeles",22,1,762,2015
187,58600,"Los Angeles",LA,57,57,187,57,,"Los Angeles",22,1,762,2015
187,58601,"Los Angeles",LA,57,57,187,57,,"Los Angeles",22,1,762,2015
187,58602,"Los Angeles",LA,57,57,187,57,,"Los Angeles",22,1,762,2015
187,58603,"Los Angeles",LA,57,57,187,57,,"Los Angeles",22,1,762,2015
187,58604,"Los Angeles",LA,57,57,187,57,,"Los Angeles",22,1,762,2015
187,58605,"Los Angeles",LA,57,57,187,57,,"Los Angeles",22,1,762,2015
187,58606,"Los Angeles",LA,57,57,187,57,,"Los Angeles",22,1,762,2015
187,58607,"Los Angeles",LA,57,57,187,57,,"Los Angeles",22,1,762,2015
187,58608,"Los Angeles",LA,57,57,187,57,,"Los Angeles",22,1,762,2015
187,58609,"Los Angeles",LA,57,57,187,57,,"Los Angeles",22,1,762,2015
187,58610,"Los Angeles",LA,57,57,187,57,,"Los Angeles",22,1,762,2015
187,58611,"Los Angeles",LA,57,57,187,57,,"Los Angeles",22,1,762,2015
187,58612,"Los Angeles",LA,57,57,187,57,,"Los Angeles",22,1,762,2015
187,58613,"Los Angeles",LA,57,57,187,57,,"Los Angeles",22,1,762,2015
187,58614,"Los Angeles",LA,57,57,187,57,,"Los Angeles",22,1,762,2015
187,58615,"Los Angeles",LA,57,57,187,57,,"Los Angeles",22,1,762,2015
187,58616,"Los Angeles",LA,57,57,187,57,,"Los Angeles",22,1,762,2015
173,58690,"Los Angeles",LA,60,60,173,60,,"Los Angeles",8,3,2,2015
173,58691,"Los Angeles",LA,60,60,173,60,,"Los Angeles",8,3,2,2015
173,58692,"Los Angeles",LA,60,60,173,60,,"Los Angeles",8,3,2,2015
173,58693,"Los Angeles",LA,60,60,173,60,,"Los Angeles",8,3,2,2015
173,58694,"Los Angeles",LA,60,60,173,60,,"Los Angeles",8,3,2,2015
173,58695,"Los Angeles",LA,60,60,173,60,,"Los Angeles",8,3,2,2015
173,58696,"Los Angeles",LA,60,60,173,60,,"Los Angeles",8,3,2,2015
173,58697,"Los Angeles",LA,60,60,173,60,,"Los Angeles",8,3,2,2015
173,58698,"Los Angeles",LA,60,60,173,60,,"Los Angeles",8,3,2,2015
173,58699,"Los Angeles",LA,60,60,173,60,,"Los Angeles",8,3,2,2015
173,58700,"Los Angeles",LA,60,60,173,60,,"Los Angeles",8,3,2,2015
173,58701,"Los Angeles",LA,60,60,173,60,,"Los Angeles",8,3,2,2015
173,58702,"Los Angeles",LA,60,60,173,60,,"Los Angeles",8,3,2,2015
173,58703,"Los Angeles",LA,60,60,173,60,,"Los Angeles",8,3,2,2015
173,58704,"Los Angeles",LA,60,60,173,60,,"Los Angeles",8,3,2,2015
173,58705,"Los Angeles",LA,60,60,173,60,,"Los Angeles",8,3,2,2015
173,58706,"Los Angeles",LA,60,60,173,60,,"Los Angeles",8,3,2,2015
173,58707,"Los Angeles",LA,60,60,173,60,,"Los Angeles",8,3,2,2015
173,58708,"Los Angeles",LA,60,60,173,60,,"Los Angeles",8,3,2,2015
173,58709,"Los Angeles",LA,60,60,173,60,,"Los Angeles",8,3,2,2015
173,58710,"Los Angeles",LA,60,60,173,60,,"Los Angeles",8,3,2,2015
173,58711,"Los Angeles",LA,60,60,173,60,,"Los Angeles",8,3,2,2015
173,58712,"Los Angeles",LA,60,60,173,60,,"Los Angeles",8,3,2,2015
173,58713,"Los Angeles",LA,60,60,173,60,,"Los Angeles",8,3,2,2015
173,58714,"Los Angeles",LA,60,60,173,60,,"Los Angeles",8,3,2,2015
173,58715,"Los Angeles",LA,60,60,173,60,,"Los Angeles",8,3,2,2015
173,58716,"Los Angeles",LA,60,60,173,60,,"Los Angeles",8,3,2,2015
173,58717,"Los Angeles",LA,60,60,173,60,,"Los Angeles",8,3,2,2015
173,58718,"Los Angeles",LA,60,60,173,60,,"Los Angeles",8,3,2,2015
226,58968,"Los Angeles",LA,71,71,226,71,,"Los Angeles",61,435,242,2015
226,58969,"Los Angeles",LA,71,71,226,71,,"Los Angeles",61,435,242,2015
226,58970,"Los Angeles",LA,71,71,226,71,,"Los Angeles",61,435,242,2015
226,58971,"Los Angeles",LA,71,71,226,71,,"Los Angeles",61,435,242,2015
226,58972,"Los Angeles",LA,71,71,226,71,,"Los Angeles",61,435,242,2015
226,58973,"Los Angeles",LA,71,71,226,71,,"Los Angeles",61,435,242,2015
226,58974,"Los Angeles",LA,71,71,226,71,,"Los Angeles",61,435,242,2015
226,58975,"Los Angeles",LA,71,71,226,71,,"Los Angeles",61,435,242,2015
226,58976,"Los Angeles",LA,71,71,226,71,,"Los Angeles",61,435,242,2015
226,58977,"Los Angeles",LA,71,71,226,71,,"Los Angeles",61,435,242,2015
226,58978,"Los Angeles",LA,71,71,226,71,,"Los Angeles",61,435,242,2015
304,59648,"Los Angeles",LA,90,90,304,90,,"Los Angeles",139,2,64,2015
304,59649,"Los Angeles",LA,90,90,304,90,,"Los Angeles",139,2,64,2015
304,59650,"Los Angeles",LA,90,90,304,90,,"Los Angeles",139,2,64,2015
304,59651,"Los Angeles",LA,90,90,304,90,,"Los Angeles",139,2,64,2015
304,59652,"Los Angeles",LA,90,90,304,90,,"Los Angeles",139,2,64,2015
304,59653,"Los Angeles",LA,90,90,304,90,,"Los Angeles",139,2,64,2015
190,59667,"Los Angeles",LA,91,91,190,91,,"Los Angeles",25,1,1,2015
190,59668,"Los Angeles",LA,91,91,190,91,,"Los Angeles",25,1,1,2015
190,59669,"Los Angeles",LA,91,91,190,91,,"Los Angeles",25,1,1,2015
190,59670,"Los Angeles",LA,91,91,190,91,,"Los Angeles",25,1,1,2015
190,59671,"Los Angeles",LA,91,91,190,91,,"Los Angeles",25,1,1,2015
190,59672,"Los Angeles",LA,91,91,190,91,,"Los Angeles",25,1,1,2015
190,59673,"Los Angeles",LA,91,91,190,91,,"Los Angeles",25,1,1,2015
190,59674,"Los Angeles",LA,91,91,190,91,,"Los Angeles",25,1,1,2015
190,59675,"Los Angeles",LA,91,91,190,91,,"Los Angeles",25,1,1,2015
190,59676,"Los Angeles",LA,91,91,190,91,,"Los Angeles",25,1,1,2015
190,59677,"Los Angeles",LA,91,91,190,91,,"Los Angeles",25,1,1,2015
190,59678,"Los Angeles",LA,91,91,190,91,,"Los Angeles",25,1,1,2015
190,59679,"Los Angeles",LA,91,91,190,91,,"Los Angeles",25,1,1,2015
190,59680,"Los Angeles",LA,91,91,190,91,,"Los Angeles",25,1,1,2015
190,59681,"Los Angeles",LA,91,91,190,91,,"Los Angeles",25,1,1,2015
190,59682,"Los Angeles",LA,91,91,190,91,,"Los Angeles",25,1,1,2015
190,59683,"Los Angeles",LA,91,91,190,91,,"Los Angeles",25,1,1,2015
190,59684,"Los Angeles",LA,91,91,190,91,,"Los Angeles",25,1,1,2015
190,59685,"Los Angeles",LA,91,91,190,91,,"Los Angeles",25,1,1,2015
190,59686,"Los Angeles",LA,91,91,190,91,,"Los Angeles",25,1,1,2015
190,59687,"Los Angeles",LA,91,91,190,91,,"Los Angeles",25,1,1,2015
190,59688,"Los Angeles",LA,91,91,190,91,,"Los Angeles",25,1,1,2015
168,60128,"Los Angeles",LA,101,101,168,101,,"Los Angeles",3,7,3,2015
168,60129,"Los Angeles",LA,101,101,168,101,,"Los Angeles",3,7,3,2015
168,60130,"Los Angeles",LA,101,101,168,101,,"Los Angeles",3,7,3,2015
168,60131,"Los Angeles",LA,101,101,168,101,,"Los Angeles",3,7,3,2015
168,60132,"Los Angeles",LA,101,101,168,101,,"Los Angeles",3,7,3,2015
168,60133,"Los Angeles",LA,101,101,168,101,,"Los Angeles",3,7,3,2015
168,60134,"Los Angeles",LA,101,101,168,101,,"Los Angeles",3,7,3,2015
168,60135,"Los Angeles",LA,101,101,168,101,,"Los Angeles",3,7,3,2015
168,60136,"Los Angeles",LA,101,101,168,101,,"Los Angeles",3,7,3,2015
168,60137,"Los Angeles",LA,101,101,168,101,,"Los Angeles",3,7,3,2015
168,60138,"Los Angeles",LA,101,101,168,101,,"Los Angeles",3,7,3,2015
168,60139,"Los Angeles",LA,101,101,168,101,,"Los Angeles",3,7,3,2015
168,60140,"Los Angeles",LA,101,101,168,101,,"Los Angeles",3,7,3,2015
168,60141,"Los Angeles",LA,101,101,168,101,,"Los Angeles",3,7,3,2015
168,60142,"Los Angeles",LA,101,101,168,101,,"Los Angeles",3,7,3,2015
168,60143,"Los Angeles",LA,101,101,168,101,,"Los Angeles",3,7,3,2015
168,60144,"Los Angeles",LA,101,101,168,101,,"Los Angeles",3,7,3,2015
168,60145,"Los Angeles",LA,101,101,168,101,,"Los Angeles",3,7,3,2015
168,60146,"Los Angeles",LA,101,101,168,101,,"Los Angeles",3,7,3,2015
168,60147,"Los Angeles",LA,101,101,168,101,,"Los Angeles",3,7,3,2015
168,60148,"Los Angeles",LA,101,101,168,101,,"Los Angeles",3,7,3,2015
168,60149,"Los Angeles",LA,101,101,168,101,,"Los Angeles",3,7,3,2015
168,60150,"Los Angeles",LA,101,101,168,101,,"Los Angeles",3,7,3,2015
168,60151,"Los Angeles",LA,101,101,168,101,,"Los Angeles",3,7,3,2015
168,60152,"Los Angeles",LA,101,101,168,101,,"Los Angeles",3,7,3,2015
168,60153,"Los Angeles",LA,101,101,168,101,,"Los Angeles",3,7,3,2015
168,60154,"Los Angeles",LA,101,101,168,101,,"Los Angeles",3,7,3,2015
168,60155,"Los Angeles",LA,101,101,168,101,,"Los Angeles",3,7,3,2015
168,60156,"Los Angeles",LA,101,101,168,101,,"Los Angeles",3,7,3,2015
168,60157,"Los Angeles",LA,101,101,168,101,,"Los Angeles",3,7,3,2015
168,60158,"Los Angeles",LA,101,101,168,101,,"Los Angeles",3,7,3,2015
168,60159,"Los Angeles",LA,101,101,168,101,,"Los Angeles",3,7,3,2015
168,60160,"Los Angeles",LA,101,101,168,101,,"Los Angeles",3,7,3,2015
168,60161,"Los Angeles",LA,101,101,168,101,,"Los Angeles",3,7,3,2015
168,60162,"Los Angeles",LA,101,101,168,101,,"Los Angeles",3,7,3,2015
168,60163,"Los Angeles",LA,101,101,168,101,,"Los Angeles",3,7,3,2015
168,60164,"Los Angeles",LA,101,101,168,101,,"Los Angeles",3,7,3,2015
168,60165,"Los Angeles",LA,101,101,168,101,,"Los Angeles",3,7,3,2015
168,60166,"Los Angeles",LA,101,101,168,101,,"Los Angeles",3,7,3,2015
168,60167,"Los Angeles",LA,101,101,168,101,,"Los Angeles",3,7,3,2015
168,60168,"Los Angeles",LA,101,101,168,101,,"Los Angeles",3,7,3,2015
168,60169,"Los Angeles",LA,101,101,168,101,,"Los Angeles",3,7,3,2015
168,60170,"Los Angeles",LA,101,101,168,101,,"Los Angeles",3,7,3,2015
168,60171,"Los Angeles",LA,101,101,168,101,,"Los Angeles",3,7,3,2015
168,60172,"Los Angeles",LA,101,101,168,101,,"Los Angeles",3,7,3,2015
168,60173,"Los Angeles",LA,101,101,168,101,,"Los Angeles",3,7,3,2015
168,60174,"Los Angeles",LA,101,101,168,101,,"Los Angeles",3,7,3,2015
168,60175,"Los Angeles",LA,101,101,168,101,,"Los Angeles",3,7,3,2015
168,60176,"Los Angeles",LA,101,101,168,101,,"Los Angeles",3,7,3,2015
168,60177,"Los Angeles",LA,101,101,168,101,,"Los Angeles",3,7,3,2015
168,60178,"Los Angeles",LA,101,101,168,101,,"Los Angeles",3,7,3,2015
168,60179,"Los Angeles",LA,101,101,168,101,,"Los Angeles",3,7,3,2015
182,60668,"Los Angeles",LA,105,105,182,105,,"Los Angeles",17,2,1,2015
182,60669,"Los Angeles",LA,105,105,182,105,,"Los Angeles",17,2,1,2015
182,60670,"Los Angeles",LA,105,105,182,105,,"Los Angeles",17,2,1,2015
182,60671,"Los Angeles",LA,105,105,182,105,,"Los Angeles",17,2,1,2015
182,60672,"Los Angeles",LA,105,105,182,105,,"Los Angeles",17,2,1,2015
182,60673,"Los Angeles",LA,105,105,182,105,,"Los Angeles",17,2,1,2015
182,60674,"Los Angeles",LA,105,105,182,105,,"Los Angeles",17,2,1,2015
182,60675,"Los Angeles",LA,105,105,182,105,,"Los Angeles",17,2,1,2015
182,60676,"Los Angeles",LA,105,105,182,105,,"Los Angeles",17,2,1,2015
182,60677,"Los Angeles",LA,105,105,182,105,,"Los Angeles",17,2,1,2015
182,60678,"Los Angeles",LA,105,105,182,105,,"Los Angeles",17,2,1,2015
182,60679,"Los Angeles",LA,105,105,182,105,,"Los Angeles",17,2,1,2015
182,60680,"Los Angeles",LA,105,105,182,105,,"Los Angeles",17,2,1,2015
182,60681,"Los Angeles",LA,105,105,182,105,,"Los Angeles",17,2,1,2015
182,60682,"Los Angeles",LA,105,105,182,105,,"Los Angeles",17,2,1,2015
182,60683,"Los Angeles",LA,105,105,182,105,,"Los Angeles",17,2,1,2015
182,60684,"Los Angeles",LA,105,105,182,105,,"Los Angeles",17,2,1,2015
